,date,text
0,22.08.2020," efter Sundhedsstyrelsens anbefalinger havde de pakket deres mundbind i små blå fryseposer, og stolt fremførte de med fagter, hvordan de skulle påføres. Det havde de nemlig set forklaret af Sundhedsstyrelsens direktør, Søren Brostrøm. Håndspritten lå også klar "
1,18.08.2020," af stofmundbind, der »er bedre end intet mundbind«, fortæller direktør i Sundhedsstyrelsen Søren Brostrøm. Det skriver Videnskab.dk. Kirurgiske engangsmundbind er mest effektive til undgå smitte, men stofmundbind har den fordel, at de kan genbruges "
2,16.08.2020," med coronaen«, som statsminister Mette Frederiksen sagde på pressemødet lørdag, hvor hun samtidig lancerede det nye krav, som træder i kraft lørdag, om at bære mundbind i al offentlig transport. Sundhedsstyrelsens direktør, Søren Brostrøm, fik "
3,16.08.2020,", er vores politikere nødt til at blive skarpere i spyttet. Mundbind og plastichandsker flyder på havbunden Vores anbefaling til statsminister Mette Frederiksen og direktør i Sundhedsstyrelsen Søren Brostrøm er derfor klar: Tag venligst skyklapperne "
4,15.08.2020,"Direktøren for Sundhedsstyrelsen, Søren Brostrøm, sagde det kort ved lørdagens pressemøde. Flere pendlere havde taget styrelsens anbefaling om at bære mundbind til sig. Men ikke alle var med. Vurderingen var ikke grebet ud af den blå luft "
5,15.08.2020," og flere lokale ophobninger. Nogle er under kontrol, og andre ser ud til at være ved at være det. - Stigningen fra sidste uge ser ud til at være bremset op i denne, siger hun. Sundhedsstyrelsens direktør, Søren Brostrøm, siger på pressemødet "
6,15.08.2020,", samt direktør i Sundhedsstyrelsen, Søren Brostrøm, og afdelingschef i Statens Serum Institut Tyra Grove Krause deltager. »Det har indtil nu været en anbefaling. Nu bliver det et krav,« siger Mette Frederiksen. Tiltaget træder i kraft lørdag "
7,14.08.2020,".00 i Spejlsalen i Statsministeriet. pressemøde mette Her vil Mette Frederiksen deltage, men der er ikke yderligere oplysninger om, hvorvidt eksempelvis Søren Brostrøm og Kåre Mølbak fra Statens Serum Institut vil deltage, som det har været tilfældet ved "
8,14.08.2020,". En hastegennemført lovgivning gør det muligt at straffe fire gange så hårdt som tidligere. Berlingske: En aktindsigt viser, at regeringen besluttede at lukke landet i marts uden at orientere Sundhedsstyrelsens direktør, Søren Brostrøm, før bagefter "
9,13.08.2020,"E-mails peger på, at direktør i Sundhedsstyrelsen Søren Brostrøm og faglig direktør i Statens Serum Institut Kåre Mølbak tilsyneladende blot blev orienteret om den vidtgående nedlukning af samfundet, som statsminister Mette Frederiksen (S "
10,11.08.2020,"Mandag eftermiddag holdt sundheds- og ældreminister Magnus Heunicke pressemøde sammen med bl. a. Søren Brostrøm fra Sundhedsstyrelsen og Kåre Mølbak fra Statens Serum Institut. Her oplyste ministeren, at der fremover anbefales brug "
11,11.08.2020," vil formentlig brede sig yderligere i den kommende tid, fastslog Sundhedsstyrelsens direktør, Søren Brostrøm, mandag. »Vi kan komme til at udvide kravet om mundbind fremover, hvis vi finder det nødvendigt. Det kan f.eks. være i supermarkeder, centre "
12,11.08.2020," for Sundhedsstyrelsen Søren Brostrøm: - Det er rigtigt, at vi har været på den tilbageholdende side, når det kommer til mundbind, sammenlignet med Sydeuropa og Storbritannien, der jo også har haft andre forløb. - Men nu tager vi også det værktøj "
13,11.08.2020," garanterer, at man ikke smitter hinanden, siger han. Søren Brostrøm, direktør i Sundhedsstyrelsen, oplyser til Ritzau, at der skal være en form for beskyttelse for buschaufførerne. Såfremt der ikke er eksempelvis et beskyttende plexiglas "
14,11.08.2020," nu – efter at det i månedsvis har været internationalt anbefalet – til, at man bruger stofmundbind, hvis man ikke har adgang til de medicinske. I vejledningen fra Sundhedsstyrelsen, der er opdateret pr. 7. august 2020, siger direktør Søren Brostrøm bl.a.: »Derfor "
15,10.08.2020,", hvis man har symptomer. - Det gælder især, når vi går ind i efterårssæsonen med mange luftvejssygdomme, siger Kåre Mølbak. Sundhedsstyrelsens direktør, Søren Brostrøm, siger: - Vi har måske slækket lidt på indsatsen. Nu skal vi have fat igen "
16,10.08.2020," af virus. Ifølge overlæge Robert Skov begyndte de først sent i forløbet at sammensætte et team, der kunne opstille modeller.Søren Brostrøm: Nej, DSB - mundbind erstatter ikke afstand Instituttets direktør var forundret over, at social distancering "
17,10.08.2020, (S) samt transportminister Benny Engelbrecht (S). Liveblog: Seneste nyt om coronakrisen Også direktør i Sundhedsstyrelsen Søren Brostrøm og faglig direktør i Statens Serum Institut Kåre Mølbak vil være med til briefingen. Derudover deltager 
18,10.08.2020," mund og næse ved brug af mundbind ved følgende former for kollektiv trafik, står der blandt andet i bekendtgørelsen. Video med Søren Brostrøm: Sådan tager du mundbind på, så længe holder det, og sådan skiller du dig af med det Herefter "
19,10.08.2020," korrekt på, hvor længe holder det, og hvordan skiller man sig af med det? Det svarer direktør i Sundhedsstyrelsen Søren Brostrøm på i videoen herunder: tool_FB_video_SST_Saadan-Bruger-du-et-mundbind Efter kritik af opskruede priser kan mundbind "
20,08.08.2020," Hospital, Gry Rosenmei. Søren Brostrøm: Nej, DSB - mundbind erstatter ikke afstand På Bispebjerg og Amager Hospital har man valgt ikke at bruge mundbind, medmindre der er symptomer. »Vi kender ikke det fulde omfang af denne sygdom, vi lærer "
21,08.08.2020," hun endnu ikke. Direktør for Sundhedsstyrelsen, Søren Brostrøm, har meldt ud, at det ikke påkrævet, at små børn og ældre med eksempelvis demens skal have mundbind på. På Midttrafiks hjemmeside står, at børn op til 12 år ikke behøver at bære "
22,07.08.2020,",« sagde han. De 10 bud er udformet på anbefaling fra Statens Serum Institut, Styrelsen for Patientsikkerhed og Sundhedsstyrelsen, hvis direktør, Søren Brostrøm, kalder udviklingen i Aarhus for »bekymrende«. Derfor er det 10. bud også en massiv "
23,07.08.2020," Normann Andersen, i en kommentar tidligere på ugen. Forsker om tiltag: Der er tale om en »ret omfangsrig nedlukning af Aarhus« Sundhedsstyrelsens direktør Søren Brostrøm ville fredag ikke afvise, at der senere ville komme et krav om mundbind "
24,07.08.2020," skal ikke have mundbind på, og det kan også være ældre, der for eksempel har vejrtrækningsbesvær eller lettere demens og derfor ikke selv kan tage det af og på, siger Søren Brostrøm på et pressemøde fredag. Han udelukker ikke, at krav om mundbind kan "
25,06.08.2020," mod alle former for trusler. Hiroshimas borgmester råber verdens lande op på 75-året for bombe DET SKRIVER DE ANDRE MEDIER OM Avisen Danmark: Sundhedsstyrelsens direktør, Søren Brostrøm, kritiserer DSB for beslutningen om at afskaffe kravet "
26,05.08.2020," Brostrøm, til fagbladet Ingeniøren. I en skriftlig kommentar til Ingeniøren lyder det, at anbefalingen skal ses som et ""supplement"". Meldingen fra Søren Brostrøm kommer, efter at DSB har fjernet kravet om pladsbillet, når man rejser. Dermed "
27,05.08.2020,"Sundhedstyrelsens direktør Søren Brostrøm er ikke udtalt tilfreds med, at DSB har valgt at skrotte kravet om pladsbillet, efter Sundhedsstyrelsens anbefaling om at bruge mundbind i kollektiv trafik under myldretid. Det er en forkert "
28,04.08.2020," behovet for mundbind. Gælder det også færger? Selv om metro, busser og tog har været mest fremhævet i forbindelse med den nye anbefaling om mundbind, nævner Sundhedsstyrelsens direktør, Søren Brostrøm, faktisk også færger som et sted "
29,01.08.2020,"Torsdag i denne uge var en for coronakrisen ganske almindelig dag for de danske forhandlere af mundbind. Så slog klokken 12, og direktør i Sundhedsstyrelsen, Søren Brostrøm, anbefalede officielt for første gang at bruge mundbind "
30,31.07.2020,"Sundhedsstyrelsen anbefaler fra fredag, at danskerne har mundbind med sig, hvis de skal deltage i optog, forsamlinger eller i offentlig transport i myldretiden. Styrelsen, og styrelsens direktør Søren Brostrøm, har ellers i modsætning "
31,31.07.2020," med at ferien slutter, og genåbningen går ind i fase fire,« siger Sundhedsstyrelsens direktør, Søren Brostrøm. Sundhedsstyrelsen lægger i sine nye anbefalinger vægt på, at der bliver stigende trængsel i den kollektive trafik, fordi mange kommer hjem "
32,30.07.2020,". Sundhedsstyrelsens direktør Søren Brostrøm skriver på Twitter, at myndighederne er opmærksomme på, at covid-19 »kan forekomme hyppigere hos personer med anden herkomst end dansk«. »Sproglige barrierer skal ikke stå i vejen for tilgængelig information "
33,29.07.2020," nye ansøgninger til den såkaldte Daca-ordning. Trump strammer skruen for unge migranter op til valget DET SKRIVER DE ANDRE MEDIER OM Avisen Danmark: Sundhedsstyrelsens direktør, Søren Brostrøm, går ikke i panik over stigende coronasmitte "
34,28.07.2020,". nedlukningen af Danmark. Men dokumenter, som Jyllands-Posten afdækkede allerede i maj, viste, at Sundhedsstyrelsens direktør, Søren Brostrøm, i flere omgange ikke anbefalede en så omfattende nedlukning som regeringen. Herunder at nedlukke skoler "
35,28.07.2020,"Der er på nuværende tidspunkt ikke grund til at bære mundbind i Danmark i butikker, offentlig transport eller andre steder i det offentlige rum. Det fastslår Sundhedsstyrelsens direktør, Søren Brostrøm, i et interview med DR. - Mundbind "
36,28.07.2020," i en rigsretssag. Professoren har glemt, at man ikke skal præjudicere (fælde dom, før alle sagens aspekter er belyst). Den 25. juli kan Kåre Mølbak fra Statens Serum Institut fortælle, at han har en anden opfattelse af forløbet, end Søren Brostrøm har "
37,25.07.2020," Syddansk Universitet, til, at det i medierne i flere omgange er kommet frem, at regeringens to fremmeste sundhedsfaglige rådgivere, Søren Brostrøm, direktør i Sundhedsstyrelsen, og Kåre Mølbak, faglig direktør i Statens Serum Institut "
38,25.07.2020," Politiken i en mail til avisen. Fredag kunne en anden avis - B.T. - ellers fremlægge en mail fra Sundhedsstyrelsens direktør, Søren Brostrøm, der gav et andet billede. Nedtælling til midnat: Hemmeligt referat viser, hvad der blev sagt bag lukkede "
39,24.07.2020,", at Sundhedsstyrelsens direktør, Søren Brostrøm, frarådede at lukke skoler, børnehaver og vuggestuer. Anbefalingen kom, syv timer før statsminister Mette Frederiksen (S) på et pressemøde meddelte, at nedlukningen skete på ""myndighedernes anbefaling "
40,01.07.2020," rapport fra Verdenssundhedsorganisationen (WHO), at danske unge ligger helt i toppen i Europa, når det kommer til indtag af alkohol. Søren Brostrøm, direktør for Sundhedsstyrelsen, har ligeledes flere gange udtrykt ønske om en sundere drukkultur "
41,27.06.2020," dømmekraft hos sundhedsmyndighederne. Vi betvivlede ikke indholdet i deres udsagn, og pressemøderne blev vores gudstjenester. For mig toppede det, da et ægtepar, som boede sammen, spurgte Søren Brostrøm, om de måtte have sex under coronakrisen "
42,27.06.2020,", Sundhedsstyrelsen, indefra efter et års ansættelse som centerchef under Søren Brostrøm – det bekendtskab vender vi tilbage til. Og efter fem år som tydelig, pragmatisk og værdsat formand for Yngre Læger fra 2013 til 2018 kender hun alle kroge og ømme tæer "
43,25.06.2020,": Danskerne har den højeste tillid i Europa til statens coronahåndtering. Men tilliden og efterlevelsen af sundhedsråd skrider, hvis indsatsen ikke er logisk og konsistent, siger Søren Brostrøm efter hård kritik. JP MENER: Lediggang er roden "
44,24.06.2020," grad, der var enighed mellem regeringen og myndighederne om, hvad de korrekte og passende tiltag var. I starten af forløbet var direktør for Sundhedsstyrelsen Søren Brostrøm til stede på ganske mange pressemøder - specielt dem ledt af Mette "
45,10.06.2020," i flere år. For øvrigt også i Region Hovedstaden, hvor 300-350 skal genindkaldes. Hvem bliver fyret der? Sundhedsstyrelsen vil undersøge lavdosis scanning Det fremgår også af JP-artiklen, at sundhedsstyrelsens direktør Søren Brostrøm "
46,10.06.2020," indsats vil fastholde fokus på, hvordan man undgår at sprede smitte. For Lis Lehm er verden stadig farlig: »Det kan vokse og vokse, og til sidst må man sætte sig ned på sin numse og sige: Hvad er fakta« Søren Brostrøm, direktør "
47,09.06.2020,"« og sagde direkte, at det var »myndighedernes anbefaling« at lukke ned. Men som Jyllands-Posten har beskrevet, kom så vidtgående en anbefaling ikke fra Sundhedsstyrelsen. Tværtimod blokerede direktør Søren Brostrøm for at iværksætte generelle "
48,07.06.2020," at begynde, hvis vi vil ændre alkoholkulturen blandt mindreårige. Derfor er det glædeligt, at Sundhedsstyrelsen nu – ifølge direktør Søren Brostrøm – vil have fokus på netop dette. Og nej, teenagerne får ikke bare alkoholen et andet sted fra – og jo "
49,06.06.2020," og Kræftens Bekæmpelse, som var initiativtager til mødet, fastslår Sundhedsstyrelsens direktør, Søren Brostrøm, dog, at der mangler forskning og dokumentation for generelt at kunne bruge lavdosis CT-scanninger, som man har gjort i Silkeborg. »Der "
50,06.06.2020," i Sundhedsstyrelsen, Søren Brostrøm, flere gange sagt, at man ikke vil anbefale raske danskere at bruge ansigtsmaske. I hele verden er der registreret mere end 394.000 coronarelaterede dødsfald, mens over 6,7 millioner personer er blevet testet positive "
51,04.06.2020,", at det var Sundhedsstyrelsen, der afgjorde, om epidemilovens indgreb kunne iværksættes mod en sygdom som covid-19. Den magt brugte styrelsens direktør, Søren Brostrøm, til at blokere for generelle tvangsindgreb. Alligevel sagde Mette Frederiksen den 11. marts "
52,01.06.2020," at frygte. Sundhedsstyrelsens leder, Søren Brostrøm, har svigtet ved ikke at lave en beredskabsplan for flere år siden, selv om der har været mange advarsler om, at dette ville komme. Alle over 80 år kunne have været identificeret "
53,31.05.2020," offentliggjorte mails viser, at sundhedsdirektør Søren Brostrøm frarådede den massive nedlukning, og at Sundhedsstyrelsen langt ind i marts var imod forbud mod større forsamlinger, da der »ikke er god dokumentation for den smitteforebyggende effekt "
54,31.05.2020," i Folketinget om den vidtgående hastelov pegede på Sundhedsstyrelsen, på trods af at selvsamme styrelse ikke mente, at der var grund til at lave så indgribende en lov. Skepsissen blev udtrykt af direktør Søren Brostrøm i en mail, som ministeriet modtog "
55,31.05.2020," de eksistentielle udfordringer, en krise som corona-epidemien river med sig. »Det er ikke nok, at Søren Brostrøm leverer faktuelle svar på, hvad vi skal gøre for at undgå kaos. Vi har også brug for at blive mødt i vores angst, og her kan litteraturen give "
56,30.05.2020," og dens direktør, Søren Brostrøm, helt op til pressemødet afstod fra at anbefale en stor nedlukning og direkte modsatte sig generelle tvangsindgreb. Det afdækkede Jyllands-Posten fredag i sidste uge. Siden har regeringen nægtet at forklare "
57,30.05.2020," torsdag fastslår direktøren, Søren Brostrøm, over for avisen, at Regionshospitalet Silkeborg ikke har leveret tilstrækkelig videnskabelig dokumentation for brugen af lavdosis scanninger i forbindelse med mistanke om lungekræft. »Vi fik en grundig "
58,29.05.2020,"Statsminister Mette Frederiksen (S) ser intet odiøst i, at en højtstående embedsmand blev bedt om at lægge sin faglighed til side i forbindelse med coronasituationen. Det er Sundhedsstyrelsens direktør, Søren Brostrøm, der i marts "
59,29.05.2020," ud fra et forsigtighedsprincip og gik længere, end sundhedsmyndighederne anbefalede. Men at Sundhedsstyrelsens direktør, Søren Brostrøm, efter nedlukningen i en mail blev bedt om lægge sin faglighed til side af Sundhedsministeriets departementschef er stærkt "
60,29.05.2020," for sundhedsfaglige vurderinger fører til uventede krøller. Senest gik Søren Brostrøm viralt i udlandet og herhjemme, da han i over et minut udfoldede sig om danske singlers tilladelse til at dyrke sex. Kåre Mølbak fra Statens Serum Institut tilføjede "
61,29.05.2020," har coronasituationen samlet nationen, men eftersom det er meget tydeligt, hvor i landet smittetrykket er højest, giver det også anledning til pegen fingre mellem landsdelene. Politiken: Sundhedsministeriets departementschef bad Søren Brostrøm om at droppe "
62,28.05.2020,"Sundhedsstyrelsens direktør, Søren Brostrøm, blev i marts bedt om at droppe embedsmændenes grundprincip om rimelighed og i stedet anerkende regeringens ""ekstreme forsigtighedsprincip"". Sådan lød budskabet fra Sundheds- og Ældreministeriets "
63,28.05.2020,", der er Sveriges svar på Søren Brostrøm, siger torsdag til TV2, at han mener, at grænsen mellem Sverige og Danmark bør åbnes. Åbner Danmark grænserne til naboerne hinsidan, vil det ikke få antallet af smittede til at stige, vurderer han. - Jeg tror ikke "
64,27.05.2020," tvangsindgreb i det strategipapir med »mulige tiltag«, som Sundhedsstyrelsen offentliggjorde 10. marts, altså dagen før pressemødet om nedlukningen. Et papir, som direktør Søren Brostrøm siden har omtalt som sundhedsmyndighedernes »værktøjskasse "
65,27.05.2020," om offentliggørelse af de positive tal mellem Søren Brostrøm, direktør for Sundhedsstyrelsen, og Kåre Mølbak, faglig direktør på Statens Serum Institut. Smittetrykket blev ifølge Ekstra Bladet i mailen beskrevet som værende lavere end forventet "
66,25.05.2020," til erfaringerne i de lande, der blev ramt før os,« siger han. Søren Brostrøm sagde god for sex mellem singler - i Sverige er det en smitterisiko De aktuelle tal fra Statens Serum Institut viser, at coronavirussen fortsat er under kontrol. 116 patienter "
67,25.05.2020,"Ekstra Bladet bringer mandag aften en mail, hvor direktør i Sundhedsstyrelsen Søren Brostrøm til ""centrale embedsmænd"" den 1. marts advarer mod, at en stor nedlukning af Danmark kan gøre mere skade end gavn. Mailen er sendt ti dage før "
68,25.05.2020," nedlukning af skoler og andre dele af samfundet. Mandag er det dog Sverige, der viser sig mest tilbageholdende på et punkt: Sex mellem singler. For nogle husker måske, at Sundhedsstyrelsens Søren Brostrøm i april tog ordet på en af de dengang "
69,24.05.2020," med de mennesker, der har været involveret,« siger Jørgen Grønnegaard Christensen, som dog samtidig understreger, at det vil være frivilligt for personer – eksempelvis Sundhedsstyrelsens direktør, Søren Brostrøm, eller seruminstituttets faglige direktør "
70,22.05.2020," mod covid-19, og her stod omfattende nedlukninger ikke nævnt med et ord. Forinden havde Sundhedsstyrelsens direktør, Søren Brostrøm, underskrevet en indstilling, der direkte blokerede for generelle og vidtgående tvangsindgreb Alligevel henviste "
71,22.05.2020," af forløbet omkring nedlukningen af landet 11. marts. Avisen skriver, at Sundhedsstyrelsens direktør, Søren Brostrøm, ifølge flere dokumenter ikke anbefalede nedlukning. Statsminister Mette Frederiksen (S) sagde dog netop på det historiske pressemøde "
72,22.05.2020," fra Sundhedsstyrelsen og direktør Søren Brostrøm. For det første indgik nedlukninger ikke i det katalog af »mulige tiltag«, som Sundhedsstyrelsen offentliggjorde dagen før det historiske pressemøde. For det andet havde Søren Brostrøm to uger forinden "
73,21.05.2020,", at Sundhedsstyrelsen ikke havde nedfældet en så vidtgående anbefaling. Så sent som dagen før pressemødet den 11. marts udformede styrelsen en liste af »mulige tiltag« mod covid-19. Her stod nedlukninger og tvangsindgreb ikke nævnt. Dertil kommer, at Søren "
74,21.05.2020," alligevel, om den ville tillade tvangsindgreb pga. coronaudbruddet. Svaret sendte direktør Søren Brostrøm i et brev til Sundhedsministeriet den 28. februar, dagen efter det anspændte møde i regeringens sikkerhedsudvalg. Beskeden var kort fortalt "
75,21.05.2020," eller skarp, man kan bebrejde Kåre Mølbak, at han ikke udtalte sig mere klart om anden bølge, man vil have Søren Brostrøm til at forklare andres udtalelser. Osv. Jeg synes, man i denne debat i denne vanskelige tid skulle falde lidt ned på jorden "
76,20.05.2020," end Sundhedsstyrelsen, hvor direktør Søren Brostrøm i TV-Avisen afviste den bekymring og i stedet slog fast, at risikoen kan undgås ved hyppig håndvask. Overblik: Mange usikkerheder i ny coronarapport fra SSI Samtidig bekymrer det også eksperterne, hvordan "
77,19.05.2020," ekspertgruppen med adgang til alle relevante sagsakter og notater fra de ministerier og styrelser, der har været involveret i coronaindsatsen. Ekspertgruppen skal også have mulighed for at interviewe centrale politikere og embedsfolk som Søren Brostrøm "
78,19.05.2020," formål siden den 14. marts, da regeringen lukkede landet ned. Dengang lød det fra Sundhedsstyrelsens direktør, Søren Brostrøm, at beslutningen om grænselukning var politisk og ikke sundhedsfaglig. I diskussionen om genåbning af landets grænser "
79,19.05.2020," har selv umanérlig svært ved at abstrahere fra karakterer, der har fysisk kontakt, når han ser Netflix. »Det er jo ikke, fordi det er væmmeligt at kigge på. Men vi er blevet så bevidste om, hvad vi selv må for Søren Brostrøm, at når vi ser nogen "
80,17.05.2020," på ”Brinkmanns Briks” (P1-program) kommer Søren Brostrøm og Tor Nørretranders ind på begreberne psyke og soma, der handler om henholdsvis vores mentale og fysiske helbred. Én blandt mange gode pointer er, at vores immunforsvars styrke er helt afhængigt "
81,16.05.2020,"-Posten i oktober 2017 imod hospitalsledelsens ønske og senest den 19. november i fjor på en national konference om lungekræft. Direktør for Sundhedsstyrelsen Søren Brostrøm har udtalt, at han glædede sig til at se resultaterne i et peer "
82,16.05.2020," overlægen finpudses og skrives sammen til en publikation. Men dataene kan godt ”omtales”, skriver Fredberg. 12.5.2019: Dokumentet med de uofficielle data sendes til direktør i Sundhedsstyrelsen Søren Brostrøm, der bemærker, at han glæder "
83,14.05.2020," anstrengelse,« skriver Sundhedsstyrelsen i sin seneste anbefaling. Videnskab.dk har forsøgt at få yderligere kommentarer fra Sundhedsstyrelsen uden held, men over for DR fortæller Sundhedsstyrelsens direktør Søren Brostrøm, at der ligger faglig "
84,14.05.2020," smitte, behøver man ikke test nummer to. Nære kontakter anbefales at selvisolere sig, indtil der er kommet svar på den første test. Tidligere lød det fra Sundhedsstyrelsens direktør, Søren Brostrøm, at asymptomatiske nære kontakter "
85,13.05.2020," med forskellige meldinger. Fra Sundhedsstyrelsens direktør, Søren Brostrøm, lød det, at ""raske børn kan lege med raske børn"", mens Kåre Mølbak, lægefaglig direktør i Statens Serum Institut, mente, at legeaftaler skulle aflyses. Den 20. marts kom "
86,13.05.2020,", at mundbind virker, lyder argumentet, som direktør Søren Brostrøm flere gange har gentaget på de danske myndigheders pressemøder. Men det er altså fra onsdag i strid med de seneste anbefalinger fra EU-Kommissionen. Tildækningen breder sig: Flere "
87,13.05.2020," teststrategier fået kritik. Sundhedsstyrelsens direktør, Søren Brostrøm, erkendte i Politiken tirsdag, at det ikke har været godt nok. - Tydelig kommunikation om teststrategien er vi generelt ikke lykkedes godt nok med. Det går helt tilbage til februar "
88,12.05.2020," direktør, Søren Brostrøm, supplerede om »vores nye strategi«, at nu skal der opspores og isoleres som aldrig før. »Det er det, som er kernen i vores nye strategi med et intensiveret fokus og indsats på at opspore de tætte kontakter til folk "
89,12.05.2020," vil det betyde, at 5.000 af de nære kontakter skal testes hver dag. Tidligere har Sundhedsstyrelsens direktør, Søren Brostrøm, talt om, at asymptomatiske nære kontakter ville skulle testes efter 4, 6 og 8 dage. Skulle det blive til virkelighed, kræver "
90,12.05.2020,", Søren Brostrøm, bekræfter på et pressemøde tirsdag, at der nu igen kommer fokus på opsporing: »Så vil vi bruge det til at understøtte en intensiv isolation af de smittefarlige. Med det er vi ret optimistiske i forhold til, at vi kan bryde "
91,12.05.2020," af regeringens teststrategi. Direktøren i Sundhedsstyrelsen, Søren Brostrøm, erkender i tirsdagens udgave af Politiken, at det ikke har været godt nok. - Tydelig kommunikation om teststrategien er vi generelt ikke lykkedes godt nok med. Det går helt "
92,12.05.2020,"Vi har hørt ordet gentaget gang på gang, når Søren Brostrøm, direktør i Sundhedsstyrelsen, og Kåre Mølbak, faglig direktør i Statens Serum Institut (SSI), har skullet forklare, hvordan de forudser, at coronavirussen udbreder sig i Danmark "
93,12.05.2020,"-kommissær Vestager advarer mod at diskriminere, skriver Jyllands-Posten. Sundhedsstyrelsen erkender uklar dansk teststrategi Under coronaudbruddet har Sundhedsstyrelsen ikke været gode nok til at kommunikere om den danske teststrategi. Det erkender Søren "
94,12.05.2020," til kigge mod Norge, der har lavet afstandskrav på en meter. Da Sundhedsstyrelsen søndag præsenterede sine nye anbefalinger, var afstanden pludselig ikke længere så afgørende. Det vigtigste for at forebygge smittespredning var ifølge Søren Brostrøm "
95,11.05.2020,"Under coronaudbruddet har Sundhedsstyrelsen ikke været klar nok omkring den danske teststrategi. Det erkender Søren Brostrøm, direktør i Sundhedsstyrelsen, i et interview med Politiken. Han lover samtidig, at det bliver bedre i fremtiden "
96,11.05.2020," afstand – eksempelvis ved fysisk anstrengelse, fremgår det af den nye vejledning. Søren Brostrøm: Grundig hygiejne er vigtigere end afstand 5) Giver anbefalingen om en meters afstand mere plads i daginstitutioner? Den nye vejledning "
97,11.05.2020," til forebyggelse af covid-19-smitte. Her lyder det, at det fremover vil være tilstrækkeligt med mindst én meters afstand i mange tilfælde. I den forbindelse sagde Sundhedsstyrelsens direktør, Søren Brostrøm, til DR, at man har skævet til erfaringer "
98,10.05.2020," ind søndag aften med Sundhedsstyrelsens sundhedsfaglige direktør Søren Brostrøm som afsender. Det er afstandskravet, der helt konkret er ændret på. Hidtil har vejledningen lydt på to meters afstand mellem mennesker for at hindre spredningen "
99,10.05.2020," og stormagasiner kan åbne fra mandag. Der slækkes på anbefalingerne, fordi smitten er under kontrol i Danmark. Søren Brostrøm, direktør for Sundhedsstyrelsen, understreger samtidig, at det er vigtigt, at man ikke bare giver los. Heller ikke "
100,10.05.2020,"Selv om det mest iøjnefaldende i Sundhedsstyrelsens retningslinjer formentlig er den ændrede anbefaling fra to til en meters afstand, er det vigtigste ifølge styrelsen et skærpet fokus på grundig hygiejne. Det siger Søren Brostrøm "
101,10.05.2020," med begrænset plads. Man bør også holde to meters afstand ved besøg på plejecentre og under aktiviteter med kraftig udånding. Søren Brostrøm, direktør i Sundhedsstyrelsen, siger, at man i vurderingen blandt andet har set på andre landes erfaringer "
102,09.05.2020,". Det slog Sundhedsstyrelsens direktør, Søren Brostrøm, fast på et efterfølgende pressemøde. Kristian Hegaard fortæller, at han siden 14. marts har efterspurgt et sundhedsfagligt belæg for at lukke grænserne. - Vi er jo alle sammen meget optaget "
103,06.05.2020," og Søren Brostrøms vurderinger og anbefalinger skrevet med ført hånd? Forstået på den måde, at regeringen skubber eksperterne foran sig for at gennemføre beslutninger, som skal gavne regeringens egen politik, uden at der er tilstrækkelig "
104,05.05.2020,", at man ville lukke de danske grænser for at undgå smittespredning. På et pressemøde gjorde Søren Brostrøm fra Sundhedsstyrelsen det få dage senere klart, at lukningen ikke var sket på anbefaling af Sundhedsstyrelsen. »Det er en politisk beslutning "
105,03.05.2020,", strategiskiftet var da også indhyllet i newspeak: »Jeg vil ikke sige, at vi har ændret holdning. Jeg vil sige, vi fagligt har udviklet os,« sagde sundhedsdirektør Søren Brostrøm i JP.Coronakrisen er et spindoktormareridt, for der er ingen plan, og Mølbak "
106,29.04.2020,"Vores allesammens beskytter, karismatiske Søren Brostrøm, der også har et andet fuldtidsjob som Sundhedsstyrelsens direktør, blev i den forgangne uge spurgt om, hvordan vi skulle forholde os til sex i en tid med behov for at holde afstand "
107,29.04.2020,". Samtidig siger Søren Brostrøm, direktør for Sundhedsstyrelsen, til Jyllands-Posten onsdag, at man nu vil lave et ""paradigmeskift"" med en ny strategi. Den inkluderer blandt andet, at myndighederne vil gøre en ekstra indsats for at opspore personer "
108,29.04.2020,". Men er de smittet, skal de selv hjælpe med at opspore en mulig smittekæde, fortæller Sundhedsstyrelsens direktør, Søren Brostrøm, til Jyllands-Posten. Brostrøm klar med ny plan for at teste folk uden symptomer: Danmark kan virkelig komme på forkant USA "
109,28.04.2020,"Et »kæmpestort skift,« hvor mange flere skal testes, og ikke mindst – som noget helt nyt – folk uden symptomer skal testes.​ Sådan lancerer Søren Brostrøm, direktør i Sundhedsstyrelsen, et såkaldt paradigmeskift, som tager afsæt i "
110,28.04.2020,", at det kan ske ganske forsvarligt, og Sundhedsstyrelsens direktør, Søren Brostrøm, er ikke afvisende over for, at der kan lempes på det nuværende afstandskrav. Et krav, som volder problemer på landets skoler. En meter fra eller til Sundhedsstyrelsen "
111,27.04.2020,". Sundhedsstyrelsens direktør, Søren Brostrøm, er ikke alarmeret over den nye udvikling med en lille stigning i antallet af indlagte, som er det parameter, han især følger tæt med i. »Der er tale om en lille stigning, så det er for tidligt at sige "
112,25.04.2020,"Mens Sverige i denne uge rundede 2.000 personer, som har mistet livet efter at have været smittet med coronavirus, forsvarer statsepidemiolog Anders Tegnell – Sveriges svar på Sundhedsstyrelsens Søren Brostrøm – endnu engang landets "
113,25.04.2020," uønskede tilskuere til at forstyrre. Det pandemiske orakel Søren Brostrøm holdt pressemøder om hudsult og opfordrede både pandaer og singler til sex. Hunpandaen gjorde sig lækker, hun stillede sig an, hun stak nærmest bagdelen op i trynen "
114,25.04.2020," flere gange om ugen og i et utal af interview. Et mareridt for spindoktorer burde det være. Embedsværket kan tale en masse, men har ikke politikernes ansvar. Når direktør i Sundhedsstyrelsen Søren Brostrøm bruger hele pressemøder på at erkende "
115,24.04.2020," og rengøring er stadig de vigtigste midler mod smittespredning, og værnemidler skal anvendes ved smitte eller mistanke om smitte med Covid-19, siger direktør i Sundhedsstyrelsen Søren Brostrøm. - Men i en overgangsperiode med øget smittetryk og stor "
116,23.04.2020," pressekonferencer. Mette Frederiksens, Søren Brostrøms, alle de andres taler. Alle sammen nærmest overvåget, beskyttet og legitimeret af nyudnævnte rigspolitichef Thorkild Fogde i stiveste, nystrøgne skjorte. Hver gang. Det danske politi stod "
117,21.04.2020,". De seneste dage har fokus dog flyttet sig fra statsministeren og Sundhedsstyrelsens direktør, Søren Brostrøm, og hen til Kåre Mølbak. Han er med, fordi han er faglig direktør i infektionsberedskabet i Statens Serum Institut "
118,20.04.2020," også som single i en tid med corona. - Som med enhver anden kontakt mellem mennesker er der en smitterisiko. Men selvfølgelig skal man kunne have sex, siger Søren Brostrøm. Han henviser til, at der på Sundhedsstyrelsens hjemmeside er oplysninger "
119,20.04.2020," som muligt, siger han. Det vil dog først blive sat i gang over de næste dage ifølge Sundhedsstyrelsens direktør, Søren Brostrøm. - Vi arbejder hårdt på at opdatere vores retningslinjer for udredning og test af corona. Jeg kan desværre "
120,20.04.2020," i det offentlige rum - er stadig, at vi ikke har set dokumentation for, at masker er beskyttende,« sagde Sundhedsstyrelsens direktør, Søren Brostrøm, tidligere i april på et pressemøde. Verdens største supermarkedkæde kræver ansatte bruger mundbind "
121,19.04.2020," sig i forlængelse af meldingen fra Sundhedsstyrelsens direktør, Søren Brostrøm, som på et pressemøde søndag understregede nødvendigheden af at overholde de kendte retningslinjer. Også Marianne Nielsen, der er daglig leder i en lokal børnehave, har fundet "
122,19.04.2020,", at vi reelt set ikke ved det, siger han. Søren Brostrøm, direktør i Sundhedsstyrelsen, siger på pressemøde søndag, at man senest i maj vil revurdere retningslinjerne, når der kommer ny viden om immunitet. - For tre en halv måned siden havde sygdommen "
123,19.04.2020,"Sundhedsstyrelsens direktør Søren Brostrøm og Anne–Marie Vangsted, direktør for Styrelsen for Patientsikkerhed, repræsenterede ved søndagens pressemøde om coronasituationen de danske sundhedsmyndigheder. Her gav Søren Brostrøm et blik "
124,18.04.2020," til coronavirus. I Sverige går børn stadig i skole, mens cafeer og restauranter kan agere værter for cafelattedrikkende svenskere. Statsepidemiolog Anders Tegnell– Sveriges svar på Sundhedsstyrelsens direktør, Søren Brostrøm – tager nu til genmæle "
125,18.04.2020," chef, Søren Brostrøm, er blandt de 17.000, der lørdag havde tilmeldt sig. Løbet foregår virtuelt, hvilket vil sige, at deltagerne fysisk løber hver for sig, samtidig med at de via deres mobiltelefoner elektronisk er koblet op på løbet "
126,17.04.2020," er bekymret for, om vi nu har kapacitet til det, så vil vi gerne sige: - I må gerne henvise. Vi vil gerne teste flere, siger Stephanie Lose. Sundhedsansatte er smittet i samme omfang som resten af befolkningen Sundhedsstyrelsens direktør, Søren "
127,17.04.2020,"Hvornår indrømmer regeringen og Sundhedsstyrelsen, at de har sovet i timen og ikke varetaget Danmarks og danskernes interesser? Alle synes at være så begejstrede for Mette Frederiksens (MF) og Søren Brostrøms (SB) indsats her og nu "
128,14.04.2020," hos Sundhedsstyrelsen, hvor direktør Søren Brostrøm hver dag sidder og holder nøje øje med tallene fra sundhedsvæsenet. »Jeg kigger særligt på antallet, der er indlagt og antallet på intensivafdelinger, men også på, hvor mange nye tilfælde der er af corona "
129,14.04.2020," du i forhold til det? »Jeg hørte pressemøde med Sundhedsstyrelsens direktør, Søren Brostrøm, hvor der blev spurgt om det med, at de små ikke kan holde afstand, og det var han godt klar over, men som jeg forstod ham, var det en del af planen. Så "
130,13.04.2020," opmærksom på, at Sundhedslovens paragraf 210 stk. ikke giver hjemmel, og vi skal derfor umiddelbart trække vores anmodning tilbage, lyder det i brevet, som er underskrevet af Sundhedsstyrelsens direktør, Søren Brostrøm. Påbuddet blev udstedt 24 "
131,11.04.2020," tidligt næste morgen. De lidt mere end 6000 test ligger et stykke fra de 10.000 daglige test, som Sundhedsstyrelsen før er blevet citeret for at ytre ønske om. For nogle uger siden sagde Søren Brostrøm, direktør i Sundhedsstyrelsen "
132,10.04.2020," og fællesskab. Når vi er bange, rykker vi sammen om dem. Ikke om EU’s institutioner og symboler. Det er ikke EU’s kommissær for krisestyring, Janez Lenarčič, der taler til os (hvem kender i det hele taget ham?). Det er Mette Frederiksen, Søren Brostrøm "
133,10.04.2020," torsdag morgen, fortæller Björn Eriksson. ”Den svenske Søren Brostrøm” erkender: Sverige kunne have gjort mere mod corona i den tidlige fase Mens de danske myndigheder var relativt hurtige til at lukke samfundet ned, valgte vores naboer allerede "
134,10.04.2020,",« forklarer børnestemmen. Se sundhedsstyrelsens film for børn, der skal tilbage i skole, her: Sådan går vi i skole igen På et pressemøde onsdag forklarede Søren Brostrøm, at Sundhedsstyrelsens modeller for beregning af smittespredning i forbindelse "
135,10.04.2020," styrelsen til at ændre sine råd. - Jeg har selv i dag gennemgået vores hjemmeside. Og jeg kan godt se, at vi er for upræcise, skriver Søren Brostrøm, direktør i Sundhedsstyrelsen, til Berlingske. - Vi skal være mere tydelige og præcise i vores "
136,10.04.2020," efter falsk svar på coronatest Sundhedsstyrelsens direktør, Søren Brostrøm, erkendte på et pressemøde den 27. marts, at styrelsen har begået fejl i forhold til ikke at teste nok patienter i den indledende fase. Antallet af test er siden skruet op "
137,09.04.2020,"Det diskuteres i øjeblikket heftigt, hvorvidt det er kynisk og uhørt, når regeringen skælder topembedsmænd som Søren Brostrøm ud offentligt i forbindelse med håndteringen af covid-19. ​​​​ Ligeledes beskyldes regeringen for at føre "
138,09.04.2020," Sundhedsstyrelsens direktør, Søren Brostrøm, ellers til et pressemøde. Primært for at slå fast, at der ifølge landets øverste sundhedsmyndighed ikke var sundhedsfagligt belæg for at lukke landet ned. Søren Brostrøm er læge. Ifølge DR og Statens Serum "
139,09.04.2020," regerings præsentation af en app. »Det ser ud, som om den danske regering har fulgt godt med i, hvad der er sket i Norge. Meget af det, som regeringen sagde på pressemødet, minder om den løsning, vi har valgt i Norge,« skriver han. Søren Brostrøm "
140,08.04.2020,", at man ville skifte til en mere offensiv teststrategi - som viste sig at være et mål om bedre at overholde den allerede gældende strategi. Eller de gange, hvor WHO's anbefalinger har været til debat. Ved et pressemøde onsdag slog Søren Brostrøm det helt fast "
141,08.04.2020,", at virusset fortsat er under kontrol. Søren Brostrøm slår fast: »Vores strategi er ikke at få epidemien til at gå væk« - Hvis den kontrollerede genåbning lykkes, uden at smitten eksploderer, er der er en mulighed for, at nogle erhverv kan blive åbnet "
142,08.04.2020," vil lade børn blive hjemme efter påske Til stede ved pressemødet var også Sundhedsstyrelsens direktør Søren Brostrøm, som på spørgsmål fra Børneavisen forsøgte at forklare den kommende fase i børnehøjde. »I skal ikke have masker på i skolen "
143,08.04.2020," til Danmark. I slutningen af marts vedkendte Sundhedsstyrelsens direktør Søren Brostrøm sig, at de danske myndigheder tidligere i epidemiens udbrud burde have sikret et større lager af værnemidler såsom masker, som der i de seneste uger "
144,07.04.2020," langt op til den maksimale kapacitet på ca. 800-900 intensive pladser med respirator, der vil kunne anvendes til behandling af covid-19-patienter.Så kort tid fik Søren Brostrøm og co. til at vurdere vidtgående hastelove »Det viser, at vi godt "
145,07.04.2020,". Det vil være en effektiv indsats for at forebygge den epidemi, der kan ramme vores samfund,« lød det dengang fra Sundhedsstyrelsens Søren Brostrøm. Samtidig kom anbefalingen om at vaske hænder ofte, bruge håndsprit og holde afstand til andre mennesker "
146,06.04.2020," ud. Blandt andet kan det betyde, at børn og voksne skal være så meget ude som muligt, at de skal holde afstand, og at der skal gøres rent oftere, sagde Mette Frederiksen. På pressemødet lød det desuden fra Sundhedsstyrelsens direktør, Søren "
147,06.04.2020," tid fik Søren Brostrøm og co. til at vurdere vidtgående hastelove »Da fik jeg at vide, hvad regeringen har tænkt sig. Jeg ønsker at samarbejde, men det skal ske, så vi alle sammen kan spille ind med vores idéer om, hvad der er bedst "
148,06.04.2020," var dansk Da ”Lægens Bord” rullede over skærmen fra 1997 til 2006, handlede programmet af gode grunde ikke om coronavirus. Det gør det nu, og indtil videre har Peter Qvortrup Geisling vendt situationen med bl.a. Søren Brostrøm, direktør "
149,06.04.2020," Da hastelove skulle vedtages, fik regeringens egne sundhedsfaglige eksperter kun få timer til at vurdere behovet for de tiltag, som er blevet kaldt de mest vidtgående siden Anden Verdenskrig. Det skriver Jyllands-Posten. Så kort tid fik Søren Brostrøm "
150,05.04.2020," tid. Det samme gælder dem, der er sendt hjem fra arbejde, som ikke skal forvente, at mødetiderne bliver som de plejer lige foreløbig. Så kort tid fik Søren Brostrøm og co. til at vurdere vidtgående hastelove »Vi kommer heller "
151,05.04.2020, fik Søren Brostrøm og co. til at vurdere vidtgående hastelove Blandt andre De Radikale har argumenteret for CO2-afgifter for at sikre ændret adfærd og økonomi til at indfri målet om 70 procents reduktion i drivhusgasserne i 2030 
152,05.04.2020," blev lukket ned. Det skete for at undgå, at sundhedsvæsenet overbelastes, og at dødeligheden fra virusset bliver højere end uundgåeligt.Så kort tid fik Søren Brostrøm og co. til at vurdere vidtgående hastelove På et pressemøde mandag i denne uge "
153,05.04.2020," virusset ikke skaber problemer for andre patientgrupper. Så kort tid fik Søren Brostrøm og co. til at vurdere vidtgående hastelove Der er endnu ikke truffet en beslutning om, hvorvidt der mandags holdes pressemøde om en gradvis åbning af Danmark "
154,05.04.2020," onsdag, kl. 12.30.« To timer fik Sundhedsstyrelsen altså til at vurdere et lovkompleks, som man ikke har set mage til i nyere tid. Først efter tidsfristen kom der et svar til ministeriet på vegne af Sundhedsstyrelsens direktør, Søren Brostrøm "
155,05.04.2020," han i interviewet. ”Den svenske Søren Brostrøm” erkender: Sverige kunne have gjort mere mod corona i den tidlige fase De svenske dødstal fremlægges dagligt af Folkhälsomyndigheten, der er det svenske svar på Sundhedsstyrelsen, men efter at det svenske "
156,05.04.2020,", som det svenske dødstal vil være, ved man endnu ikke. ""Den svenske Søren Brostrøm"" erkender: Sverige kunne have gjort mere mod corona i den tidlige fase Anders Tegnell erkender, at der har været et efterslæb i opgørelserne og slår fast "
157,04.04.2020,"Kampen mod coronavirussen i Sverige kunne være påbegyndt tidligere. Det erkender Sveriges statsepidemiolog Anders Tegnell. Han er Sveriges svar på Sundhedsstyrelsens direktør, Søren Brostrøm. »Vi kunne godt være begyndt at kommunikere "
158,04.04.2020," eller hænder nok til at tage sig af de syge. tool_temaboks_corona_i-forreste-line Flere bliver testet Endnu tør eksperterne ikke byde på, om fremtiden i Danmark bliver rød eller grøn, men direktør i Sundhedsstyrelsen, Søren Brostrøm, har flere gange "
159,04.04.2020," at gå på restaurant og bar i Sverige, og skolerne holdes åbent. ”Den svenske Søren Brostrøm”: Smittespredningen sker derhjemme I interviewet med Dagens Nyheter adresserede statsminister Stefan Löfven også denne kritik. »Jeg synes ikke "
160,04.04.2020," spredningen af smitten. ""Den svenske Søren Brostrøm"": Smittespredningen sker derhjemme Således er det stadig muligt at gå på restaurant og bar i Sverige, og skolerne holdes åbent - i modsætning til eksempelvis Danmark. Særligt hovedstaden Stockholm "
161,04.04.2020," i det offentlige rum. Vores anbefaling - for så vidt angår raske borgere ude i det offentlige rum - er stadig, at vi ikke har set dokumentation for, at masker er beskyttende,« sagde Sundhedsstyrelsens direktør, Søren Brostrøm, fredag eftermiddag "
162,04.04.2020," vi ikke i Danmark gør mere (dvs. tager en mere asiatisk type metoder i brug), så må vi alle gøre os klart, hvad dette indebærer. Vi må forstå, hvad Sundhedsstyrelsens direktør, Søren Brostrøm, advarer imod – og jeg er ham evigt taknemmelig "
163,04.04.2020,". Det er klart, hvis der er manglende værnemidler, så må man prioritere, hvilke borgere man går ind til, sagde sektorformand i FOA Torben Hollmann. Det fik Sundhedsstyrelsens direktør, Søren Brostrøm, til at anerkende, at styrelsen må se på, hvordan "
164,03.04.2020," og ansigtsvisirer. Også Sundhedsstyrelsens direktør, Søren Brostrøm, taler om et forsyningsproblem, når det gælder værnemidler, og det er bekymrende, sagde han på et pressemøde fredag, hvor også de faglige og kommunale organisationer havde taletid. »Vi "
165,03.04.2020," tillades i Sverige? Det norske medie vg.no har spurgt den svenske udgave af Danmarks Søren Brostrøm, statsepidemiolog Anders Tegnell. Hans forklaring lyder således: »Det skyldes, at det er ikke dér, at den store smittespredning sker. Der findes "
166,03.04.2020," personalet den nødvendige beskyttelse. Søren Brostrøm, direktør for Sundhedsstyrelsen, erkender, at retningslinjerne omkring værnemidlerne skal være skarpere, så personalet sikkert kan passe arbejdet.tool_DW_kurve_corona-antal-indlagte-DANMARK "
167,03.04.2020,", Søren Brostrøm, på fredagens myndighedspresemøde. - Der er flere og flere, der bliver bekræftet smittet ligesom i befolkningen. Ligesom i befolkningen er der et stort mørketal, men fordi vi tester personale hyppigere, vil vi forvente at se "
168,02.04.2020," fødselsdag Søren Brostrøm, direktør i Sundhedsstyrelsen, betegnede på pressemødet torsdag fortsat situationen som alvorlig, men han så også lyspunkter: »Vi må ikke undervurdere epidemien og den trussel, den udgør. Men det er betryggende, at tallene "
169,02.04.2020,"De seneste dage har antallet af smittede og indlagte med coronavirus udviklet sig betryggende. Alligevel understreger Sundhedsstyrelsens direktør, Søren Brostrøm, på torsdagens myndighedspressemøde, at truslen stadig er alvorlig "
170,02.04.2020,"På det efterhånden daglige pressemøde gav de danske myndigheder torsdag en status på coronavirussens udvikling i landet. Til stede var bl.a. direktør for Sundhedsstyrelsen, Søren Brostrøm, beskæftigelsesminister, Peter Hummelgaard "
171,01.04.2020," og i ældreplejen,« sagde Søren Brostrøm, direktør i Sundhedsstyrelsen, på et pressemøde onsdag eftermiddag. Udvidelsen sker, fordi regionerne – som omtalt i Jyllands-Posten onsdag – siden slutningen af sidste uge har været klar til at teste de anbefalede "
172,01.04.2020,"Danskerne må fortsat vente tålmodigt på oplysninger om, hvordan Danmark potentielt vil blive delvist genåbnet, hvis alt flasker sig de næste uger under coronakrisen. Det siger direktør for Sundhedsstyrelsen Søren Brostrøm på et pressemøde "
173,01.04.2020," blive testet. Det fortalte direktør i Sundhedsstyrelsen, Søren Brostrøm, på et pressemøde onsdag omhandlende corona-situationen i landet. Det står i kontrast til den tidligere strategi, hvor sundhedsmyndighederne primært har testet personer "
174,01.04.2020," at teste alle indbyggerne to gange. Det har fået flere medier til at stille spørgsmål ved den danske håndtering af sagen. Søren Brostrøm, direktør for Sundhedsstyrelsen, og sundheds- og ældreminister, Magnus Heunicke, har beklaget "
175,31.03.2020," har kunnet sætte gang i både behandling og karantæne, påvirker det også statistikkerne: Jo flere der testes, des lavere er frekvensen af personer, der dør af sygdommen. Ugers forspring Tysklands svar på Søren Brostrøm hedder Christian Drosten "
176,31.03.2020," Sundhedsstyrelsens direktør, Søren Brostrøm, på et pressemøde ifølge iagttagere kort forinden efter massiv offentlig kritik havde erkendt, at Danmark havde testet for lidt. Eksemplet illustrerer ifølge Bjørn Melgaard ikke bare en forfejlet "
177,30.03.2020,".000 om dagen, som Sundhedsstyrelsens direktør, Søren Brostrøm, havde med udgangen af epidemiens tredje uge – altså sidste uge. Mindst. »Vores retningslinjer i forhold til test er endnu ikke fuldt implementeret,« kunne han konstatere på mandagens "
178,30.03.2020,"Sundhedsstyrelsen har mandag aften udsendt en ny rapport om coronavirussens udbredelse i Danmark. I en pressemeddelelse om rapporten fremhæver styrelsens direktør Søren Brostrøm selv to væsentlige nyheder, som du kan blive klogere på her "
179,30.03.2020," ved pressemødet var også faglig direktør for Statens Serum Institut Kåre Mølbak og direktør for Sundhedsstyrelsen Søren Brostrøm. De bakkede begge op om statsministerens udmelding om, at udviklingen er positiv i Danmark. Der lød "
180,29.03.2020," hjemme, indtil du er rask.« Fra Søren Brostrøm, direktør i Sundhedsstyrelsen, har det endvidere lydt, at »i særdeleshed dem, der arbejder i sundheds- og ældresektoren« bør blive hjemme, hvis de oplever »det mindste symptom«. Flere har undret "
181,29.03.2020,"Næste gang, der er pressemøde om coronavirus med de danske myndigheder, vil mindst en af de deltagende se lidt anderledes ud end normalt. Sundhedsstyrelsens direktør Søren Brostrøm har således set sig nødsaget til at blive klippet, oplyser "
182,28.03.2020,". Sundhedsmyndighedernes ledelser var selvsagt også hidkaldt. Repræsenteret ved blandt andre Sundhedsstyrelsens direktør Søren Brostrøm og faglig direktør for Statens Serum Institut, Kåre Mølbak. En række af mødedeltagerne, som Jyllands-Posten har talt med, fik "
183,28.03.2020,".000 mennesker dagligt blevet testet for coronavirus i Danmark, men det er blevet kraftigt diskuteret, om vi tester nok. Sundhedsstyrelsens direktør, Søren Brostrøm, udtalte først, at Danmark – så snart kapaciteten er på plads – bør teste 5.000 om dagen "
184,27.03.2020,"De danske myndigheder begik en række »fejl« tidligt i sin håndtering af udbruddet af coronavirus, hvilket nu har konsekvenser for kampen mod epidemien. Sådan lød erkendelsen fra Sundhedsstyrelsens direktør, Søren Brostrøm, på et pressemøde "
185,27.03.2020," af coronavirus. På et pressemøde fredag erkender Sundhedsstyrelsens direktør, Søren Brostrøm, at de danske sundhedsmyndigheder i starten af februar skulle have skiftet strategi og testet meget bredere. - Vi har gennemgået hele tidslinjen over "
186,27.03.2020,", havde Sundhedsstyrelsens direktør Søren Brostrøm dog slået fast, at Danmark nu skiftede test-strategi. Det skete som konsekvens af, at corona-smitte ikke længere kun kom til Danmark fra personer hjemrejst fra udlandet, men også spredte sig mellem borgere "
187,27.03.2020," er der fortsat ønske blandt myndigheder om at øge kapaciteten ud over de 5000. Sundhedsstyrelse-direktør vil op på 10.000 test om dagen Torsdag gjorde Sundhedsstyrelsens direktør, Søren Brostrøm, det klart i P1 Orientering, at man gerne vil teste endnu "
188,27.03.2020,", til Berlingske. Onsdag lød ambitionen fra Sundhedsstyrelsen, at der skal testes 5000 danskere om dagen for coronavirus. Torsdag gjorde Sundhedsstyrelsens direktør, Søren Brostrøm, det klart i P1 Orientering, at man gerne vil teste endnu flere "
189,26.03.2020," på at have en coronavirusinfektion,« lyder det i videoen. Sundhedsstyrelsens direktør, Søren Brostrøm, understregede på et pressemøde i Statsministeriet 17. marts, at sundhedspersonale bør blive hjemme, hvis de har de mindste symptomer: »Og der er det jo ekstremt vigtigt "
190,26.03.2020," konsekvens. Du skal blive hjemme, så vi forebygger smittespredning,« lød det fra Sundhedsstyrelsens direktør, Søren Brostrøm, på et pressemøde i Statsministeriet den 11. marts. En lille uge senere, den 17. marts, gentog han budskabet og adresserede "
191,26.03.2020,"Onsdag lød ambitionen fra Sundhedsstyrelsen, at der skal testes 5000 danskere om dagen for coronavirus. Torsdag gør Sundhedsstyrelsens direktør, Søren Brostrøm, det klart i P1 Orientering, at man gerne vil teste endnu flere. Radioværten "
192,26.03.2020," mere aggressiv teststrategi. Den strategi – og klare anbefaling fra WHO’s side – har både Sundhedsstyrelsens direktør, Søren Brostrøm, og Statens Serum Instituts faglige direktør Kåre Mølbak affejet med begrundelsen, at den ikke gjaldt Danmark "
193,26.03.2020," for Sundhedsstyrelsen, Søren Brostrøm, havde holdt endnu et business-as-usual-pressemøde. Til forskel fra partifællerne i Sverige har Mette Frederiksen tilsidesat sundhedsteknokratiet og sat sig selv i spidsen.​​​ Konsekvensen er en usædvanlig tydelig konflikt "
194,26.03.2020,", men også bekymret, for så er der spørgsmål, der ikke bliver stillet. Og som bør stilles – og besvares. Det var det her med ærligheden. Sundhedsmyndighederne troede først med Søren Brostrøm i spidsen, at coronaen ikke ville ramme Danmark. Det er ærligt "
195,25.03.2020,"'s anbefalinger og afgøre, om noget skal justeres. Sådan lyder det også fra Sundhedsstyrelsens direktør, Søren Brostrøm. tool_DW_tabel_antal-coronatilfælde_DANMARK "
196,25.03.2020," for at tilføje endnu en gruppe, der skal testes. Det vil føre til, at flere bliver testet, fordi antallet af grupper udvides, og derudover vil flere få behov for det, oplyser hun i et senere interview. Sundhedsstyrelsens direktør Søren Brostrøm sagde "
197,25.03.2020," tilfælde er 60 procent mænd. Det har flere gange lydt fra Verdenssundhedsorganisationen WHO, at lande skal teste mere for at få bugt med det smitsomme virus. Sundhedsstyrelsens direktør, Søren Brostrøm, har dog udtalt, at WHO's opfordring "
198,25.03.2020,".Allerede på tirsdagens pressemøde gjorde Mette Frederiksen det klart, at rejseaktiviteten skulle begrænses. Også selv om turen ""kun"" gik til Vesterhavet, Langeland eller sommerhusområder i Nordsjælland. Samme holdning havde Sundhedstyrelsens direktør, Søren "
199,24.03.2020,"»En søgt uenighed.« Selve formuleringen var sundhedsminister Magnus Heunicke og Søren Brostrøm, direktør i Sundhedsstyrelsen, enige om, da de tirsdag forsøgte at lægge låg på en konflikt om myndighedernes rolle under coronakrisen. Tvisten "
200,24.03.2020," i Sundhedsstyrelsen Søren Brostrøm. »Vi kan se, at det sker i andre lande. Man begynder at snakke om corona-familier, som man skal undgå, og ældre medborgere, som føler sig meget stigmatiserede og isolerede. Vi skal have brudt den stigmatisering,« siger han "
201,24.03.2020," journalister om udtalelserne. Adspurgt, om kritikken af kollegaerne var en ansvarsfralæggelse lød Heunickes svar: »Jeg påtager mig ansvaret,« sagde han og kaldte i samme ombæring konflikten for en »søgt uenighed«. En betragtning Søren Brostrøm "
202,24.03.2020,", sagde ministeren. Overblik: Sådan oprustes det danske sundhedssystem Sundhedsstyrelsens direktør Søren Brostrøm fokuserede på pressemødet på andet end smittekæder og håndhygiejne. Her fortalte Brostrøm, at man i den kommende uge "
203,24.03.2020," anbefalinger om at teste mere for coronavirusset. Men den opfordring har ikke været møntet på Danmark, har Sundhedsstyrelsens direktør, Søren Brostrøm, sagt. Men det er ikke korrekt, siger Magnus Heunicke i interviewet. - Jeg har været i direkte "
204,23.03.2020,", at epidemien blusser op. Vi skal undgå, at sundhedsvæsenet kæntrer,« sagde Sundhedsstyrelsens direktør, Søren Brostrøm, på mandagens pressemøde i Statsministeriet. I sin forudsigelse forventer Sundhedsstyrelsen – akkurat som i den forrige prognose "
205,23.03.2020," er det afgørende at flade smittekurven ud, understreger han. »Vi har først lige taget hul på uge tre i epidemikurven,« siger han. Sundhedsstyrelsens direktør, Søren Brostrøm, tilføjer, at myndighederne forventer, at coronavirus-epidemien først topper "
206,23.03.2020,"Som gammel dyrlæge, der har deltaget i adskillige programmer, hvor Danmarks dyrlæger har udryddet mange smitsomme sygdomme, er det beskæmmende at opleve den måde, som covid-19 tackles på af Sundhedsstyrelsen og direktør Søren Brostrøm "
207,23.03.2020," Søren Brostrøm som en hyldest til Sundhedstyrelsens direktør. Men hvorfor hamstrer vi? Er det bare udtryk for egoisme og manglende solidaritet, at vi reagerer sådan på forsyningsangst? Psykologen:
”Også her føler vi os truet på vores basale "
208,23.03.2020,"Jeg finder det forargeligt, når onsdagens kronikør, professor, dr.med., speciallægekonsulent Thomas Køllner Olsen nedgør Sundhedsstyrelsens og dermed Søren Brostrøms coronastrategi. Strategien er næppe udfærdiget af yngste mand på kontoret "
209,22.03.2020," – og jo stadig langtfra kompenseres fuldt ud. Direktør for Sundhedsstyrelsen Søren Brostrøm holder i disse dage af at gentage, at de svage er blevet smittet af de ressourcestærke, der har bragt virussen til landet fra deres skiferier "
210,22.03.2020,".) og ministeriet, og så har jeg fået emails fra Søren Brostrøm (direktør for Sundhedsstyrelsen. red.) og Thomas Senderovitz (direktør for Lægemiddelstyrelsen. red.),« fortæller Ulf Bech Christensen og fortsætter: »Så nu ved de, vi er der "
211,22.03.2020,". januar dukkede de første tilfælde op i Europa. Den 30. januar erklærede WHO epidemien for en international sundhedskrise, og samme dag stod Sundhedsstyrelsens direktør, Søren Brostrøm, frem i danske medier og udtalte: »Vi vurderer fortsat "
212,21.03.2020," til Berlingske, at ""et af nøgleelementerne i responsstrategien er at teste patienter"". En undtagelse kan dog være, hvis et land har svært ved at skaffe nok testkapacitet, lyder det. Sundhedsstyrelsens direktør, Søren Brostrøm, sagde på et pressemøde "
213,21.03.2020," eller en behandling mod corona. Der var noget fascinerende over en skriftlig bemærkning ved den af alle højt værdsatte Søren Brostrøm fra Sundhedsstyrelsen, da han tog stilling til de første tiltag. Ud fra et sundhedsfagligt synspunkt fandt "
214,21.03.2020," sundhedsstyrelse, som tidligt med råd og vejledning har forsøgt at styre Danmark uden om situationens mange vanskelige skær. Som kollega er jeg imponeret over Sundhedsstyrelsens chef, Søren Brostrøm, som forstår at kommunikere sine budskaber på en let "
215,20.03.2020,". - Selvfølgelig skal også børnefamilier og andre i samfundet rette sig efter de anbefalinger, der er kommet, sagde Sundhedsstyrelsens direktør, Søren Brostrøm, på et pressemøde fredag. - Anbefalingerne giver rigtig god mening, hvis vi skal have dæmmet "
216,20.03.2020," patienter, som har hentet virus udenlands, men hvor smittelandet endnu ikke er identificeret. »Vi er snart på vej ind i epidemiens tredje uge, og vi er fortsat i en alvorlig situation,« sagde Sundhedsstyrelsens direktør, Søren Brostrøm "
217,20.03.2020," i Sundhedsstyrelsen Søren Brostrøm bekræfter på et pressemøde fredag eftermiddag tallene. I næste uge går vi ind i tredje uge af epidemien, lyder det. Han kan ikke sige noget konkret om, hvilken tilstand de indlagte patienter på intensive afdelinger er i "
218,20.03.2020," faglige direktør, Kåre Mølbak, sagt til Ekstra Bladet, at der kan ""blive problemer"" med udstyr, hvis Danmark skal teste flere end 3000 personer om dagen. Og oven i det sagde Sundhedsstyrelsens direktør, Søren Brostrøm, på et pressemøde onsdag "
219,20.03.2020,", sukkersyge og underliggende hjertesygdomme er dem, som bliver hårdest ramt af coronavirus. - Derfor er det vigtigt, at vi får flere informationer om den gruppe patienter, siger Gunnar Gislason. Men ifølge Søren Brostrøm, direktør i Sundhedsstyrelsen "
220,20.03.2020," Frederiksen. Mange forældre har måske været i tvivl om legeaftaler. Uvisheden er steget, efter at Sundhedsstyrelsens direktør, Søren Brostrøm, og Kåre Mølbak fra Statens Serum Institut er kommet med forskellige meldinger. Mette Frederiksen opfordrer "
221,20.03.2020," direktør, Søren Brostrøm, flere gange har sagt, at raske børn gerne må lege med raske børn. Så længe det er i små grupper og helst udenfor. Torsdag sagde Kåre Mølbak dog under DR-udsendelsen Lægens Bord, at børn ikke bør lege sammen "
222,20.03.2020," mod forsamlinger over ti personer både udendørs og indendørs. Der har dog været tvivl om, hvorvidt man stadig må mødes i mindre grupper, og om børn må lege med hinanden. Direktør for Sundhedsstyrelsen Søren Brostrøm har flere gange sagt, at raske børn "
223,19.03.2020," en smule fra den anvisning, som direktør i Sundhedsstyrelsen Søren Brostrøm præsenterede på et pressemøde torsdag eftermiddag. Her lød det, at raske børn må lege sammen ude i det fri. - Raske børn kan lege med raske børn. Hvis børn er syge og børn "
224,19.03.2020," kontakt til ham, blot skulle være opmærksomme på egne symptomer, men ellers møde på arbejde, hvis de ikke var syge. Særligt vigtig sektor På et pressemøde i Statsministeriet den 17. marts sagde Sundhedsstyrelsens direktør, Søren Brostrøm "
225,19.03.2020,". Ifølge Søren Brostrøm, direktør i Sundhedsstyrelsen, er Danmark i epidemiens anden uge, og interessen samler sig ikke mindst om de meget syge. Håb om glat kurve »Men det er for tidligt at sige noget om aldersfordeling og den slags. Det kan "
226,19.03.2020," og fortsætter:Søren Brostrøm: Vi er i anden uge af epidemien »Vi tackler jo ting forskelligt, og det er slet ikke usædvanligt, at den ene er mere frygtsom og ikke vil gå ud, mens den anden er mere nonchalant og mener, at det er i orden at hente "
227,19.03.2020," et kollaps i sundhedsvæsenet. Det afgørende skifte indtraf onsdag den 11. marts. Først på eftermiddagen holdt chefen for Sundhedsstyrelsen, Søren Brostrøm, pressemøde – det var business as usual. Om aftenen var statsminister Mette Frederiksen "
228,19.03.2020,"Sundhedsstyrelsens direktør Søren Brostrøm var blandt deltagerne, da der torsdag eftermiddag blev afholdt en ny briefing om coronavirus i Danmark. Han slog fast, at Danmark nu er i anden uge af epidemien. Han sagde også "
229,19.03.2020,", Søren Brostrøm, blev torsdag spurgt, om det er realistisk, at eleverne kan vende tilbage til deres klasselokaler om ti dage. Han svarede, at epidemier normalt varer omkring 12 uger. »Vores erfaring er, at epidemier ikke er overstået på to uger "
230,19.03.2020," patienter. Og her er både de danske dyreklinikker, forsvaret og landets privathospitaler blevet bedt om at stille respiratorer og andet udstyr til rådighed. For som direktør i Sundhedsstyrelsen Søren Brostrøm siger, så skal alle mulige ressourcer "
231,18.03.2020,"Endnu har sundhedsmyndighederne ikke offentliggjort tal for, hvor mange der er raske efter at have haft coronavirus, men det er på vej, forsikrer direktør Søren Brostrøm fra Sundhedsstyrelsen. - Det har vi desværre ikke tal på "
232,18.03.2020," nok. Den kritik afviste direktør i Sundhedsstyrelsen Søren Brostrøm på et pressemøde onsdag. Her lød det, at Danmark snart tester 1000 personer om dagen for coronavirus. Det er højt i forhold til befolkningstallet, lød det fra direktøren "
233,18.03.2020," og mers og fra starten har testet bredt. Direktør Søren Brostrøm fra Sundhedsstyrelsen afviser kritikken og forventer, at Danmark vil overhale Sydkorea i test. - Der har været meget fokus på, om vi tester for lidt. Danmark ligger rigtig, rigtig "
234,17.03.2020,". Og det skal ske nu,« siger han. Også direktør i Sundhedsstyrelsen, Søren Brostrøm, opfordrer på pressemødet danskerne til at bære over med de ændringer, som coronavirussen nu medfører i sundhedsvæsnet: »Man skal acceptere, at man ikke kan gå "
235,17.03.2020,"Kære Søren Brostrøm.​ Det er mig en gåde, hvorfor Danmark ændrer coronastrategi fra inddæmning af sygdommen til afbødning. Din anbefaling er, at alle, der føler sig forkølede med hoste og feber, skal opfatte sig som coronasmittede "
236,17.03.2020," til den 13. april for alle udlændinge, der ikke har et anerkendelsesværdigt formål i Danmark. Lørdag udtalte Sundhedsstyrelsens direktør, Søren Brostrøm, at grænselukningerne ikke var baseret på en sundhedsfaglig anbefaling: »Grænselukninger "
237,16.03.2020,"Sundhedsstyrelsens direktør, Søren Brostrøm, sagde den 28. januar: »Der er meget lille sandsynlighed for, at coronavirus spredes i Danmark.« Halvanden måned senere lukkede Danmark, fordi spredningen var helt ude af kontrol. Hvordan kom "
238,16.03.2020," op med børnene, der lå og gispede og ikke kunne hoste deres eget spyt op. Enhver krise har behov for en helt. Mens mange på sociale medier i disse dage tiljubler Sundhedsstyrelsens direktør, Søren Brostrøm, var helten dengang en ung narkoselæge ved navn "
239,15.03.2020,", Søren Brostrøm, op på et pressemøde i Statsministeriet i sidste uge: 10 pct. af den danske befolkning, altså knap 600.000, bliver smittet over tre måneder, og af dem kommer de 60.000 i kontakt med sundhedsvæsenet, og 12.000 vil formentlig "
240,15.03.2020," direktør Søren Brostrøm. Det har Frederiksen siden bekræftet. Hun tilføjede, at videnskaben er bagud, og heller ikke eksperter ved præcis, hvordan man skal stoppe en virusepidemi af dette omfang. OVERBLIK: Bliv opdateret på den seneste "
241,15.03.2020," i Danmark? Og hvem havde egentlig besluttet, at det var nødvendigt? »Det er en politisk beslutning. Og det respekterer vi,« siger Sundhedsstyrelsens direktør, Søren Brostrøm, inden han senere uddybede: »Der er ikke særlig god dokumentation "
242,15.03.2020," kan følge med. Dels skal sygehusene have kapacitet til de mest syge, dels skal de også tage sig af andre patienter – folk, der kommer til skade i ulykker, har kræft osv.,« siger Jan Pravsgaard. I Sundhedsstyrelsen siger direktør Søren "
243,14.03.2020," grænselukningen. Spørgsmål: Hverken EU-Kommissionen eller WHO har anbefalet en lukning af grænsen, og Sundhedsstyrelsens direktør, Søren Brostrøm, har sagt, at der ikke er særlig god dokumentation ved grænselukning. Så hvorfor egentlig gøre det "
244,14.03.2020,", som vi alle står sammen om at komme igennem,« siger Thomas Andresen. Der er dog også politik indblandet i tacklingen af coronakrisen. Lørdag forklarede direktør Søren Brostrøm fra Sundhedsstyrelsen, at lukningen af grænserne er sket ud fra et politisk "
245,14.03.2020,"-Kommissionen eller Verdenssundhedsorganisationen, WHO, anbefalet det. Der findes ikke nævneværdig videnskabelig dokumentation for, at det virker, eller hvor stor effekten er. Det bekræfter direktør Søren Brostrøm fra Sundhedsstyrelsen på et pressemøde lørdag. - Det er en politisk "
246,14.03.2020," i Danmark, som forventes at være smittede, uden at myndighederne ved det. Søren Brostrøm, der er direktør i Sundhedsstyrelsen, har oplyst, at der er store mørketal. Det vil sige, at der er flere smittede end de registrerede tilfælde. Indtil videre "
247,14.03.2020," for tidligt end for sent, og kommer der nogen, når det hele er overstået, og siger, at vi kom fire dage for tidligt i gang, så tager jeg det på mig,« sagde ministeren. tool_DW_antal-coronatilfælde_Danmark_DK Direktør i Sundhedsstyrelsen, Søren "
248,13.03.2020," at de svært syge patienter sikres en behandling«. Magnus Heunicke slog fast, at akutte, livstruede patienter såsom kræftsyge, hjertepatienter og fødende fortsat vil få behandling. Ifølge direktør i Sundhedsstyrelsen Søren Brostrøm vil bl.a. patienter "
249,13.03.2020,", hvor også sundhedsminister Magnus Heunicke (S) og Sundhedsstyrelsens direktør, Søren Brostrøm, er til stede. - Man vil begynde at aflyse i næste uge. Det vil stige i takt med, at man skal have frigjort kapacitet, siger Stephanie Lose. - Det vil være en vurdering "
250,13.03.2020," på et pressemøde fredag eftermiddag, at 801 personer i Danmark er konstateret smittet. Han oplyser yderligere, at 23 er indlagt - fire af dem på intensivafdelinger. Ved samme pressemøde deltager Søren Brostrøm, direktør for Sundhedsstyrelsen "
251,13.03.2020,". Ud over de 785 registrerede tilfælde er der også en del i Danmark, som forventes at være smittede, uden at myndighederne ved det. Søren Brostrøm, der er direktør i Sundhedsstyrelsen, har oplyst, at der er store mørketal. Det vil sige, at der er flere "
252,13.03.2020," er eksempler på det, som statsminister Mette Frederiksen og direktør for Sundhedsstyrelsen, Søren Brostrøm, har advaret om. Nemlig at udbredelsen af coronavirussen i Danmark kan betyde, at der skal tages hårde prioriteringer i sundhedssystemet "
253,13.03.2020,". Bliver folk syge, skal de holde sig hjemme og ikke gå på arbejde. Kun hvis symptomerne udvikler sig, skal man kontakte en læge,« siger direktør Søren Brostrøm fra Sundhedsstyrelsen, og han understreger samtidig, at folk ikke længere bliver sat "
254,13.03.2020," myndigheder, og de kendte ikke til tilfælde fra det område. Men vi tænkte, at der måske alligevel var et problem, siger Grove Krause til avisen. På torsdagens daglige pressemøde afviste chefen for Sundhedsstyrelsen, Søren Brostrøm, at de danske "
255,12.03.2020," Sundhedsstyrelsen op: »Vores vurdering er, at der er meget lille sandsynlighed for, at der kommer en person med sygdommen til Danmark,« sagde læge Ane Just Oht fra Sundhedsstyrelsen. Og direktør Søren Brostrøm gentog budskabet den 26. januar. I dag "
256,12.03.2020,". Torsdag formiddag blev det meldt ud, at 615 var konstateret smittet med coronavirus, mens antallet af smittede i Danmark onsdag var 514 personer. På Færøerne er der fortsat registreret to smittetilfælde, mens 31 personer er i karantæne. Søren "
257,12.03.2020,"Danmark er i øjeblikket det land med den mest dramatiske stigning i antallet af smittede i Europa, sagde sundhedsminister Magnus Heunicke (S) på et pressemøde onsdag aften. Alligevel afviser chefen for Sundhedsstyrelsen, Søren Brostrøm "
258,12.03.2020,"Europa er blevet nyt epicentrum for coronavirussen, som hidtil har været Kina, hvor virussen menes at være opstået. Det siger Sundhedsstyrelsens direktør, Søren Brostrøm, på et pressemøde torsdag. Der er i øjeblikket 615 bekræftede "
259,12.03.2020," er der konstateret 615 smittetilfælde med coronavirus i Danmark. Ud over de tilfælde er der et stort mørketal. Det er smittede, som man ikke er registreret. Det sagde Søren Brostrøm, direktør i Sundhedsstyrelsen, onsdag aften. tool_DW_kurvediagram_corona_verden "
260,12.03.2020," er 1366. På Færøerne er der fortsat registreret to smittetilfælde, mens 31 personer er i karantæne. Det oplyser Styrelsen for Patientsikkerhed. Søren Brostrøm, der er direktør i Sundhedsstyrelsen, oplyste på et pressemøde onsdag aften "
261,12.03.2020,". Det fortalte direktør i Sundhedsstyrelsen Søren Brostrøm på et pressemøde onsdag aften. Tidligere har myndighederne testet personer med selv milde symptomer, hvis vedkommende også f.eks. har været ude at rejse, men nu skifter myndighederne strategi "
262,11.03.2020,", som ikke kommer til at have adgang til den service, de ellers kunne forvente.« Skal man være mere bekymret nu? »Der har været mange, der har kontaktet os på hospitalerne, fordi de ville podes af frygt for, at de var smittet. Som Søren Brostrøm (direktør "
263,11.03.2020," planlagte operationer og behandlinger blive udskudt. Der er tale om en benhård lægefaglig vurdering, oplyser Søren Brostrøm, der er direktør i Sundhedsstyrelsen. - Der er en prioritering, som er rigtig hård, for der er en grund til, at en borger "
264,10.03.2020," karantæne kan imidlertid have været med til at gøre smittespredningen værre, vurderede Sundhedsstyrelsens direktør, Søren Brostrøm, på et pressemøde herhjemme i forrige uge. Senest har både Thailand og Malaysia har forhindret krydstogtskibet ”Costa "
265,10.03.2020," vi ikke gør alt, hvad vi kan nu for at mindske smitten, så kan vores sundhedsvæsen ikke håndtere situationen,« forklarerede sundhedsminister Magnus Heunicke tirsdag. heunicke Det værst tænkelige scenarie Direktør i Sundhedsstyrelsen Søren Brostrøm "
266,10.03.2020,"Fortsætter coronavirusset med at sprede sig i Danmark, vil det værst tænkelige scenarie - et ""worst case scenario"" - være, at ti procent af den danske befolkning bliver smittet. Det sagde Sundhedsstyrelsens direktør, Søren Brostrøm, ved "
267,10.03.2020," coronasmittede i Danmark kan spores tilbage til ophold i nogle af de udpegede risikoområder. Eller kontakt til personer, der har været der. Men direktør i Sundhedsstyrelsen Søren Brostrøm siger på pressemødet, at vi må forvente at se, at der også sker "
268,10.03.2020," Sundhedsstyrelsen forventer snart egentlige smittekæder i Danmark, oplyser direktør Søren Brostrøm på pressemødet. »Det er et spørgsmål om dage eller uger, før vi må forvente, at vi også har smittespredning i Danmark.« »Jeg vil gerne advare imod "
269,10.03.2020," om den seneste udvikling. Også direktør for organisation og borgerservice i Udenrigsministeriet Erik Brøgger Rasmussen, direktør i Sundhedsstyrelsen Søren Brostrøm og direktør i Erhvervsstyrelsen Katrine Winding deltager. pressemøde "
270,09.03.2020," har fortalt mig noget som helst om, hvad jeg skal gøre,« fortalte en af passagererne, fotograf Henrik Hansson, da Jyllands-Posten fangede ham på vej gennem lufthavnen. I Sundhedsstyrelsen er der ifølge direktør Søren Brostrøm ellers ingen tvivl om "
271,09.03.2020,"Risikovurderingen af coronavirus i Danmark ændrer sig fra dag til dag, og udviklingen går hurtigt. Det oplyste Sundhedsstyrelsens direktør Søren Brostrøm på et pressemøde mandag. Ifølge Sundhedsstyrelsen vil inddæmningsstrategien "
272,09.03.2020,"»Og det var Emil, ikke?« siger han og virker i tvivl om, hvem på listen af påtrængende journalister, han nu er kommet til. Tvivlen kan man godt forstå, for Søren Brostrøm har travlt for tiden. Meget travlt. Som direktør "
273,06.03.2020," og uddannelsesinstitutioner huser flere end 1.000 elever og lærere, er det dog ikke tanken at lukke dem ned, understregede Sundhedsstyrelsens direktør, Søren Brostrøm: Skoler stadig åbne »Her er det ikke så meget antallet, men tætheden blandt mennesker "
274,06.03.2020," forlænges. Undgå håndtryk, kram og kys Sundhedsstyrelsens direktør, Søren Brostrøm, begrundede tiltagene med, at smitterisikoen forøges ved arrangementer, hvor mange mennesker samles og er tæt på hinanden. Derfor bør man så vidt muligt holde "
275,05.03.2020," for, da jeg ikke ønsker, at nogen skal blive nervøse, siger Sophie Løhde. Venstre-politikeren, der i øjeblikket er med til at forhandle den meget omtalte udligningsreform for Danmarks 98 kommuner, har været i kontakt med Søren Brostrøm "
276,04.03.2020," udmelding tirsdag aften for at begrænse cornavirus i Danmark, hvor styrelens direktør, Søren Brostrøm, lagde vægt på, at der er tale om et krav og et pålæg til sundhedsmedarbejdere med borgerkontakt. »Vi tager det skridt for at værne om sårbare "
277,03.03.2020," smittespredning i samfundet, siger Søren Brostrøm, direktør for Sundhedsstyrelsen, i pressemeddelelsen. Regeringen opfordrer virksomheder til at dække løn for ansatte, der skal være hjemme i to uger. Nu er ti danskere smittet med coronavirus Flere "
278,03.03.2020,"- og ældresektoren. - Vi beder dem om at blive hjemme, så de ikke er i kontakt med svage og ældre. Så det er ikke decideret hjemmekarantæne, siger direktør for Sundhedsstyrelsen Søren Brostrøm på et pressemøde. De sundhedsansatte vil få løn, mens de er væk "
279,03.03.2020,", Søren Brostrøm. - Når vi kigger på alle smittede og sætter det ind i et scenarie i Danmark, så vil vores forventning være, at vi måske kan frygte en dødelighed omkring 0,3 til 1 procent af samtlige smittede i Danmark, siger han. Søren Brostrøm "
280,03.03.2020," 90.937 smittede og 3.117 døde. 48.063 er erklæret raske. Sundhedsstyrelsen holdt mandag et pressemøde, hvor det fremgik, at 122 personer var i corona-karantæne i Danmark. tool_corona_grafik4_smittefareHer fortalte direktør Søren Brostrøm "
281,02.03.2020," med, at der kan komme en egentlig epidemi. Derfor har vi støvet den store værktøjskasse af for at være klar,« siger Søren Brostrøm, direktør i Sundhedsstyrelsen, som samtidig fastslår, at den nuværende strategi med at opspore og inddæmme "
282,02.03.2020," sig med en hjemmekarantæne. »Vi kan ikke udelukke smittespredning i Danmark, og vi skal være på forkant med, at der kan komme en egentlig epidemi,« sagde Sundhedsstyrelsens direktør, Søren Brostrøm, på et pressemøde mandag. Der er indtil nu blevet registreret fire "
283,02.03.2020," direktør, Søren Brostrøm, slog fast, at Danmark stadig har helt styr på situationen med fire smittede borgere og 122 andre, som har været i kontakt med syge, og derfor er i hjemmekarantæne. Af de karantæneramte har 108 direkte forbindelse "
284,02.03.2020," med direkte eller indirekte forbindelse til Italien. Vi ser ikke tegn på videresmitning i Danmark,« lød det indledende fra direktør i Sundhedsstyrelsen Søren Brostrøm. Der blev på pressemødet givet ros til alle fire smittede for at have udvist stor "
285,28.02.2020," blev fodboldklubben Inters kamp mod Ludogorets spillet uden publikum i Italien, og i weekenden bliver seks Serie A-fodboldkampe spillet uden tilskuere. Det drejer sig bl.a. om kampen mellem Inter og Juventus. Herhjemme lyder meldingen fra Søren Brostrøm "
286,28.02.2020," direktør Søren Brostrøm i en pressemeddelelse. Sygehuset vil være i daglig kontakt med personen, og Styrelsen for Patientsikkerhed har sat vedkommende i hjemmeisolation med daglig tæt kontrol. Det nye tilfælde ændrer ikke på Sundhedsstyrelsens "
287,28.02.2020,"De danske myndigheder vurderer fortsat, at der vil blive konstateret flere tilfælde af coronavirus i Danmark. Det siger Søren Brostrøm, direktør i Sundhedsstyrelsen, på et pressemøde fredag, efter at den første dansker natten til torsdag "
288,27.02.2020,"Klokken havde ikke rundet seks, og det var stadig buldermørkt, da Sundhedsstyrelsens direktør, Søren Brostrøm, torsdag morgen ankom til TV 2’s afdeling på Teglholmen i København. Selv om han i den seneste tid, hvor coronavirussen "
289,27.02.2020," omgang vigtigere end at finde ud af, hvor i huset Jakob Tage Ramlyng havde været, forklarer Hertz. Myndighederne gik i gang med at sætte det hold, der skulle møde på Teglholmen. Inden kl. 6.00 ankom Sundhedsstyrelsens direktør, Søren Brostrøm "
290,27.02.2020,". Samme toner lød fra både Statens Serum Institut og Sundhedsstyrelsen, hvor direktør Søren Brostrøm minder om, at almindelige danskere, som ikke har været i lande med smittekæder som det er tilfældet i Italien, ikke skal være bekymrede "
291,27.02.2020," med at bestille sin sommerferie, siger direktør for Sundhedsstyrelsen, Søren Brostrøm. - I hvert fald, hvis man rejser til nogle af de regioner, hvor der allerede er udbrud, fordi der kan lige pludselig være forhold, der gør, at man ikke skal rejse "
292,27.02.2020,". Hvis man vurderes at være i farezonen, vil man blive kaldt ind til en undersøgelse under særligt sikrede forhold. Hvis man ikke har været ude at rejse i lande, hvor der lige nu er smittespredning, men føler sig syg, skal man ifølge Søren Brostrøm "
293,27.02.2020," Søren Brostrøm i en pressemeddelelse. Coronavirus påvirker nu det meste af verden Manden kom sammen med sin kone og søn hjem fra skiferie i Lombardiet i mandags og har siden på skift haft hoste, feber m.v. Onsdag blev familien undersøgt "
294,07.02.2020,"Patient nummer to, der er blevet undersøgt for coronavirus på Hvidovre Hospital fredag, er heller ikke smittet. Det bekræfter Søren Brostrøm, direktør i Sundhedsstyrelsen. - Begge test i dag var negative for coronasmitte. Det er jeg rigtig "
295,07.02.2020," om coronavirus. Det fortalte Sundhedsstyrelsen tidligere fredag. »Materialet er udarbejdet som led i vores arbejde på at informere befolkningen om ny coronavirus, og for at skabe tryghed blandt både rejsende og ansatte i lufthavnene,« forklarer Søren "
296,07.02.2020," som led i vores arbejde på at informere befolkningen om ny coronavirus og for at skabe tryghed blandt både rejsende og ansatte i lufthavnene, siger Søren Brostrøm, direktør i Sundhedsstyrelsen, i pressemeddelelsen. Informationsmaterialet findes "
297,03.02.2020," med risikokontakt har vi mange års erfaring med, og de er på linje med vores nabolande, siger Søren Brostrøm, der er direktør for Sundhedsstyrelsen. - Vi tager ingen unødig risiko i forhold til at forebygge smittespredning i befolkningen, samtidig "
298,03.02.2020," på isolationsstue på Hvidovre Hospital, sagde Søren Brostrøm, direktør i Sundhedsstyrelsen, søndag aften i en pressemeddelelse på styrelsens hjemmeside. - Men vi forventer ikke, det bliver nødvendigt, da de er så grundigt løbende screenet undervejs. Fredag "
299,31.01.2020," fløjet til Storbritannien og derfra til Madrid i Spanien. Her blev de samlet op i et fly fra Forsvaret og fløjet til Roskilde Lufthavn. Her venter sundhedsmyndighederne for at tjekke de fire danskere. Søren Brostrøm, direktør i Sundhedsstyrelsen "
300,31.01.2020," i Danmark. Ifølge direktør i Sundhedsstyrelsen Søren Brostrøm kan der gå 14 dage, inden symptomerne viser sig, efter at man er blevet smittet.Flere og flere rammes af coronavirus – frygten kan mærkes i Chinatown Han forklarede ligeledes "
301,28.01.2020," løbende udviklingen, og vi kan konstatere, at vores beredskab fungerer, siger enhedschef Søren Brostrøm på hjemmesiden. Manden, der tirsdag blev indlagt i Skejby, har været i Hubei-provinsen i Kina, hvor coronavirusset menes at stamme fra. Manden "
302,28.01.2020," højisolationsstue på Aarhus Universitetshospital og blev kørt med ambulance direkte fra eget hjem. På hospitalet tog personale med særlige beskyttelsesdragter imod patienten,« oplyser Søren Brostrøm, direktør i Sundhedsstyrelsen, til Jyllands "
303,28.01.2020,"Efter fire bekræftede tilfælde i Europa har Sundhedsstyrelsen netop opdateret risikovurderingen for coronavirusset. Det vurderes stadig, at risikoen for, at virusset når Danmark, er lav. Direktør for Sundhedsstyrelsen, Søren Brostrøm "
304,14.01.2020," af gældende regler og principper for henvisning og visitation af kvinder med mistanke om brystkræft«. Det fremgår af et brev, som Sundhedsstyrelsens direktør, Søren Brostrøm, har sendt til Sundheds- og Ældreministeriet. Det usædvanlige skridt kommer "
305,26.12.2019," ind på et stort supersygehus med alle specialer på hylderne »eller risikerer at komme ind til et sted, som ikke på forsvarlig vis kan tage imod hjertepatienter.«Hjerteforening: Kapaciteten på hjertepatienter presses Sundhedstyrelsens direktør, Søren "
306,25.11.2019," en kontrolgennemgang af afdelingens arbejdsgange og visitationspraksis, og sygehuschefen kontaktede derfor bl.a. Sundhedsstyrelsens direktør, Søren Brostrøm. tool_serieboks_detStoreSundhedssvigt_inklVideo »Når jeg skriver til dig, er det, fordi vi har behov "
307,09.09.2019," i sin vurdering. Erik Jylling videresendte mailen til Jesper Fisker til direktør Søren Brostrøm, Sundhedsstyrelsen, og samme dag var også Sundheds- og Ældreministeriets departement orienteret om regionernes kritik. Ifølge advokat Karsten Høj, formand "
308,24.06.2019," Ellen Trane. At lægemanglen er massiv, viser et nødråb, som Danske Regioner har sendt den 22. maj i år til Sundhedsstyrelsen. I et brev til styrelsens direktør, Søren Brostrøm, gør regionerne opmærksom på, at der på brystkræftområdet er store "
309,23.06.2019," direktør, Søren Brostrøm, og bad om hjælp til at løse problemerne. Brevet blev sendt, få timer før at Jyllands-Posten afslørede, at det ikke kun er kvinder i Region Sjælland, som fik mangelfulde brystkræftundersøgelser - det gjorde kvinde i Region "
310,26.01.2019," det på jysk.« Sundhedsstyrelsens direktør, Søren Brostrøm, forklarer, at »tiden ikke tillod« en systematisk gennemgang og anerkender, at der »nok ikke foreligger ret meget evidens« om, hvor mange behandlinger der kan flyttes ud af sygehusene. »Der "
311,26.01.2019, sygehuskontakter kan tages ud af sygehusene. For hjerte-kar-patienter anslås det at være 30-40 pct. Alt det har regeringen selv omregnet til det store tal – 500.000 færre sygehusbesøg i 2025 – som Lars Løkke Rasmussen lancerede i TV Avisen. Søren Brostrøm 
312,09.11.2018," skaber utryghed hos mange mennesker, for hvem psykisk lidelse er en barsk virkelighed«. Sundhedsstyrelsens direktør, Søren Brostrøm, udtalte tidligere i år til Weekendavisen, at »der har været udmeldinger fra Gøtzsche og hans kolleger "
313,20.02.2018," anmeldelse i Ugeskrift for Læger. Kronik: Eksperter ryster på hovedet ad Gøtzsche, men vælger at tie Løws kronik er fuld af eksempler på, at man forsøger at skyde budbringeren. Sundhedsstyrelsens direktør, Søren Brostrøm, er bekymret "
314,16.02.2018," Gøtzsche.« Også Sundhedsstyrelsens direktør, Søren Brostrøm, er skuffet over Peter Gøtzsche, som han i Information 20/5 2016 kalder konfronterende og anklagende: »Cochrane-centret står isoleret fagligt set. Der har været udmeldinger fra Gøtzsche "
315,10.05.2017,", at unge piger bliver vaccineret. - Vores ambition er, at vi igen kommer op på, at mindst 90 procent siger ja til tilbuddet om hpv-vaccination til 12-årige piger i børnevaccinationsprogrammet, udtaler Søren Brostrøm, direktør i Sundhedsstyrelsen "
316,02.03.2017," sygeplejersker – i arbejdet med de multisyge,« siger han. Generalistlægen er væk I Sundhedsstyrelsen anerkender direktør Søren Brostrøm problemerne med at bevare overblikket, når patienter med mange sygdomme skal undersøges og behandles på lige så "
317,30.05.2016," direktør, Søren Brostrøm, for videnskabelig uredelighed. - Der er tale om misinformation, for det er ikke vist, at vaccinen beskytter mod kræft. Han og styrelsen gør sig skyldige i at føre befolkningen og de politikere, der træffer beslutninger "
318,30.05.2016," direktør, Søren Brostrøm, for videnskabelig uredelighed. - Sundhedsstyrelsen og Søren Brostrøm siger, at hpv-vaccinen beskytter mod livmoderhalskræft, og at den redder liv. Han henviser samtidig til, at det drejer sig om cirka 100 piger om året "
319,24.05.2016," er det, at skoleledelse, nogle af lærerne og nogle af forældrene ikke kan anerkende den omkostning. Man bruger modediagnosen ADHD, som Sundhedsstyrelsens direktør, Søren Brostrøm, kritiserer for at blive misbrugt. Fejlslagen pædagogisk ledelse "
320,27.03.2016,", at de repræsenterer en målestok i samfundet, hvor diagnosen er blevet helt central,« siger han. Vil have beviser Meldingen kommer i forlængelse af, at Sundhedsstyrelsens direktør, Søren Brostrøm, i Politiken søndag kritiserede kommunerne for alt for ofte "
321,27.03.2016,", siger han. Fra direktør i Sundhedsstyrelsen, Søren Brostrøm, lyder det, at kommunerne alt for ofte kræver en sygdomsdiagnose, før en borger med et tab af funktionsevne kan få hjælp fra det offentlige. Jakob Kjellberg kan ikke vurdere "
322,27.03.2016," formand for Socialrådgiverforeningen Majbrit Berlau. Reaktionen kommer, efter at Sundhedsstyrelsens direktør, Søren Brostrøm, i Politiken retter kritik mod kommunerne. Ifølge ham kræver kommunerne alt for ofte en sygdomsdiagnose, før personer "
323,27.03.2016,"En diagnose fra lægen er ikke afgørende for, hvilken hjælp en borger får fra kommunen. Det siger sundhedspolitisk chef for Kommunernes Landsforening, KL, Christian Harsløf. Han afviser dermed den kritik, Sundhedsstyrelsens direktør, Søren "
324,27.03.2016,"Kommuner fokuserer for meget på lægefaglige diagnoser, når det kommer til at vurdere, hvilken støtte borgerne skal have. Det vurderer direktør for Sundhedsstyrelsen Søren Brostrøm over for Politiken, og hos Lægeforeningen genkender "
325,26.03.2016,"De danske kommuner stiller for ofte krav til, at borgere skal have en diagnose hos en læge, inden de vil hjælpe. Det mener direktør for Sundhedsstyrelsen Søren Brostrøm i et interview med Politiken. Direktørens anke er, at kommunerne først "
326,05.02.2016,", men direktør Søren Brostrøm vil på nuværende tidspunkt ikke hverken be- eller afkræfte, om et nationalt transplantationscenter er en realitet i løbet af de kommende år. Rigshospitalet vil have alle transplantationer Hvad mener du om et nationalt "
327,05.02.2016,", at børnehjertekirurgien skal samles på Rigshospitalet. Det vil ske i løbet af 2016. »Sundhedsstyrelsen har besluttet, at børnehjertekirurgien skal samles på Rigshospitalet,« siger sundhedsstyrelsen direktør, Søren Brostrøm, til Jyllands-Posten. Efter 102 siders "
328,29.01.2016," af Sundhedsstyrelsens direktør, Søren Brostrøm. »I sager som denne – ja særligt i denne højprofilerede sag – er der lavet en rigtig grundig sagsbehandling. Vi har kigget på både kompetencer, uddannelse, tværfaglighed, robusthed, forskning og resultater, så "
329,23.01.2016,", at alle kirurger kan holde sig skarpe. »Et af de centrale principper er, at øvelse gør mester,« siger direktør i Sundhedsstyrelsen Søren Brostrøm. Han er en central mand i sagen, for i sidste ende er det ham – altså Sundhedsstyrelsen – der beslutter "
330,24.09.2015," bliver Cervarix-vaccinen, man skal vaccinere med, siger enhedschef i Sundhedsstyrelsen Søren Brostrøm. - Det bekymrer ikke os i Sundhedsstyrelsen, hvis den nuværende HPV-vaccine, Gardasil, bliver udskiftet med vaccinen Cervarix. Det er to lige gode "
331,19.09.2015,", der har særlig risiko for at blive alvorligt syge og i værste fald at dø som følge af influenza, der vælger at blive vaccineret mod virussen. Det viser en ny undersøgelse fra Sundhedsstyrelsen. Læge i Sundhedsstyrelsen Søren Brostrøm er bekymret "
332,22.01.2015," retningslinjerne og afgør, hvordan patienterne skal kategoriseres og behandles«, og at de som udøvende, faglig funktion derfor ikke vil forholde sig til reglerne. Enhedschef i Sundhedsstyrelsen Søren Brostrøm slår fast, at de nye retningslinjer "
333,03.01.2015,",« siger Søren Brostrøm, der er enhedschef for sygehuse og beredskab hos Sundhedsstyrelsen. Læs også: Influenza ser ud til at øge risikoen for autisme Den udmelding undrer imidlertid professor Jens Lundgren fra Rigshospitalet. Han mener "
334,15.12.2014," hos Sundhedsstyrelsen. Ikke nok med at enhedschef i Sundhedsstyrelsen Søren Brostrøm afviser idéen i jyllands-posten.dk’s dækning af undersøgelsen 8/12. Han er citeret for at sige, at det i etisk forstand er bedre at bruge en nyre fra en afdød end at bruge "
335,08.12.2014," hvorfor kan det ikke også være muligt i Danmark?"" spørger hun. Netop det spørgsmål kan Søren Brostrøm svarer på. Han er enhedschef i Sundhedsstyrelsen og ansvarlig for arbejdet med organdonation. ""Erfaringen er, at det dels kræver "
336,02.12.2014,". Der er jo også en masse informationer på nettet, som folk selv kan opsøge, hvis de vil, siger Iben Holten. Enhedschef Søren Brostrøm fra Sundhedsstyrelsen har svært ved at se det problematiske i, at kvinder i Danmark forhåndsbookes til mammografi. Det står "
337,01.12.2014," i den screenede og den ikke-screenede gruppe,« siger John Brodersen. Hos Sundhedsstyrelsen fastslår Søren Brostrøm, at man overordnet har vurderet, at screeningsprogrammerne for brystkræft, tarmkræft og livmoderhalskræft redder liv og gavner mere "
338,01.12.2014," at redde liv eller undgå at skade raske? »Tallet dækker over, at man nedsætter sin risiko fra 0,5 til 0,43 pct. Det er vigtigt for borgeren at vide,« siger han. Hos Sundhedsstyrelsen erkender enhedschef Søren Brostrøm, at der kan være grund "
339,11.11.2014," Søren Brostrøm i Sundhedsstyrelsen. Ifølge TV2 er patienten en medarbejder på tv-stationen, og vedkommende har for nylig været i Vestafrika. Tirsdag fik vedkommende feber, som er et indledende symptom på den dødelige virus, og derfor "
340,17.10.2014," på behandling inden for de maksimale ventetider. Men det ser ud som om, at regionerne har fået styr på udfordringer, der var i sommer i forhold til screeningsprogrammet for tarmkræftpatienter,"" siger sektionschef Søren Brostrøm, Sundhedsstyrelsen. LINK "
341,09.10.2014," og fremmest har vi ikke flyforbindelser direkte fra de tre vestafrikanske (Guinea, Sierra Leone og Liberia, red.) til Danmark, siger styrelsens chef for sygehuse og beredskab, Søren Brostrøm, til Ritzau. - Rent fagligt mener vi heller ikke "
342,07.10.2014,"Med smittede i Norge og Spanien rykker udbruddet af ebola tættere på Danmark, og i Sundhedsstyrelsen følger man situationen tæt. Ifølge Søren Brostrøm, chef for Sygehuse og Beredskab i Sundhedsstyrelsen, er der dog fortsat meget lille "
343,25.08.2014," Enhedschef i Sundhedsstyrelsen Søren Brostrøm siger til Politiken, at man skal være i ret tæt og hyppig kontakt med inficerede svin for at blive bærer af MRSA CC398. - Derfor fraråder vi ikke kortvarige besøg på besøgsgårde. Men hygiejnen "
344,24.08.2014," og regionerne var der enighed om at udforske disse initiativer, inden man prøver at ændre lovgivningen, siger enhedschef i Sundhedsstyrelsen Søren Brostrøm. »Allerede i juni sagde vi til regionerne, at deltagertilslutningen ikke var tilfredsstillende "
345,08.08.2014," videre er der ikke kommet oplysninger fra WHO, som gør, at man vil ændre på sine anbefalinger. Chef for sygehus og beredskab ved sundhedsstyrrelsen, Søren Brostrøm, mener, at risikoen for et ebola kommer til Danmark er minimal. ""Som almindelig "
346,08.08.2014,"-vaccinen er meget dyr i forhold til mange andre vacciner. Varigheden ved to stik Ifølge enhedschef ved Sundhedsstyrelsen, Søren Brostrøm, kan man endnu ikke være sikker på, at HPV-vaccinen vil holde lige så længe med kun to injektioner. ""Vi ved "
347,08.08.2014,"Skulle den dødelige ebola-virus, som for tiden hærger i Vestafrika, mod forventning komme til Danmark, så er Sundhedsstyrelsen beredt på at håndtere situationen. Det fortæller Søren Brostrøm, der er beredskabschef i Sundhedsstyrelsen "
348,28.07.2014," os med, siger Søren Brostrøm, enhedschef i Sundhedsstyrelsen til Ritzau. Det høje danske forbrug er ikke alene dyrt, men indebærer også en risiko for patienterne. Har bivirkninger Forskning viser, at donorblodet kan påvirke immunsystemet og give "
349,06.05.2014," et slidt knæ. - Vi så på videnskaben, og det er klokkeklart. Operation gavner ikke ved slidgigt, siger Søren Brostrøm, der er enhedschef i Sundhedsstyrelsen, til Politiken. "
350,20.03.2014," tre screeningsprogrammer er meget forskellige, bl.a. fordi de befolkningsgrupper, de er rettet mod, er forskellige. Det er for eksempel det første screeningsprogram, der også er rettet mod mænd,"" siger Søren Brostrøm. Han nævner også "
351,02.03.2014," kræften og forstadier til kræften tidligt kan vi også give folk en mere skånsom behandling,« påpeger Søren Brostrøm, chef for Sundhedsstyrelsens enhed Sygehuse og Beredskab. Den nye teknologi testes lige nu på patienter på Region Hovedstadens "
352,23.02.2014," programmet. I Sundhedsstyrelsen har man i første omgang lagt vægt på, at det ifølge faglige anbefalinger vil være en ulempe at screene for mange kvinder, men ny viden kan ifølge enhedschef Søren Brostrøm få dem til at revidere screeningsprogrammerne "
353,21.02.2014," kvinder rammes hyppigt, og det var bl.a. baggrunden for, at anbefalingerne blev ændret i 2012, fastslår enhedschef Søren Brostrøm. »Vi har forbedret programmet og adresseret problemstillingen ved at indføre hpv-test-tilbud til de 60-64-årige "
354,21.02.2014," ikke Lægerne henviser bl.a. til, at mange ældre har et aktivt sexliv og derfor risikerer at blive smittet med hpv-virus, efter de er røget ud af screeningsprogrammet. Enhedschef hos Sundhedsstyrelsen Søren Brostrøm mener derimod, at tilbuddet "
355,28.01.2014,". - Hvis lægeambulancen kommer frem til et større færdselsuheld, kan man overveje, om man skal sætte de dødeligt skadede patienter i respirator, så man har muligheden for organdonation senere, siger Søren Brostrøm, der er formand for arbejdsgruppen og enhedschef "
356,09.12.2013," til sin anmodning (), så den kunne blive bedre præciseret.” Og det er vildledning og i strid med forvaltningsretten, mener Sten Bønsing, der er lektor ved Juridisk Institut på Aalborg Universitet. Enhedschef i Sundhedsstyrelsen Søren Brostrøm "
357,09.09.2013," a third of the 400 women who contract it every year. “Our hope is that with the vaccine and screening we can end up eradicating this terrible illness,” Sundhedssytrelsen spokesperson Søren Brostrøm told Politiken newspaper. READ MORE: Free "
358,04.08.2013,", for når hverdagen kører, og folk har travlt, så hjælper tre gode hygiejneråd måske ikke.« Læs også på Videnskab.dk: Sundhedskampagner fejler – kan nudging hjælpe? Sundhedsstyrelsens chef for sygehusbehandling og beredskab, Søren Brostrøm, har læst studiet "
359,18.05.2013," man roligt tage af sted. Der er ikke nogen rejserestriktioner, siger enhedschef ved sundhedsstyrelsen, Søren Brostrøm. - Vores udmelding er primært rettet til landets læger og til sygehusene, så de ved, hvad de skal være opmærksomme på "
